in:GR,in:ST,in:LRR,in:R,out:GR,out:ST,out:LRR,out:R,img
1.6,15,3.0,10,1.6,15,3.0,10,SEA_SNAIL_ARCTIC_SIDE_GR0_ST0_LRR0_R0_SIDE_.png
1.7,15,3.0,10,1.7,15,3.0,10,SEA_SNAIL_ARCTIC_SIDE_GR1_ST0_LRR0_R0_SIDE_.png
1.8,15,3.0,10,1.8,15,3.0,10,SEA_SNAIL_ARCTIC_SIDE_GR2_ST0_LRR0_R0_SIDE_.png
1.9,15,3.0,10,1.9,15,3.0,10,SEA_SNAIL_ARCTIC_SIDE_GR3_ST0_LRR0_R0_SIDE_.png
2.0,15,3.0,10,2.0,15,3.0,10,SEA_SNAIL_ARCTIC_SIDE_GR4_ST0_LRR0_R0_SIDE_.png
2.1,15,3.0,10,2.1,15,3.0,10,SEA_SNAIL_ARCTIC_SIDE_GR5_ST0_LRR0_R0_SIDE_.png
1.6,16,3.0,10,1.6,16,3.0,10,SEA_SNAIL_ARCTIC_SIDE_GR0_ST1_LRR0_R0_SIDE_.png
1.7,16,3.0,10,1.7,16,3.0,10,SEA_SNAIL_ARCTIC_SIDE_GR1_ST1_LRR0_R0_SIDE_.png
1.8,16,3.0,10,1.8,16,3.0,10,SEA_SNAIL_ARCTIC_SIDE_GR2_ST1_LRR0_R0_SIDE_.png
1.9,16,3.0,10,1.9,16,3.0,10,SEA_SNAIL_ARCTIC_SIDE_GR3_ST1_LRR0_R0_SIDE_.png
2.0,16,3.0,10,2.0,16,3.0,10,SEA_SNAIL_ARCTIC_SIDE_GR4_ST1_LRR0_R0_SIDE_.png
2.1,16,3.0,10,2.1,16,3.0,10,SEA_SNAIL_ARCTIC_SIDE_GR5_ST1_LRR0_R0_SIDE_.png
1.6,17,3.0,10,1.6,17,3.0,10,SEA_SNAIL_ARCTIC_SIDE_GR0_ST2_LRR0_R0_SIDE_.png
1.7,17,3.0,10,1.7,17,3.0,10,SEA_SNAIL_ARCTIC_SIDE_GR1_ST2_LRR0_R0_SIDE_.png
1.8,17,3.0,10,1.8,17,3.0,10,SEA_SNAIL_ARCTIC_SIDE_GR2_ST2_LRR0_R0_SIDE_.png
1.9,17,3.0,10,1.9,17,3.0,10,SEA_SNAIL_ARCTIC_SIDE_GR3_ST2_LRR0_R0_SIDE_.png
2.0,17,3.0,10,2.0,17,3.0,10,SEA_SNAIL_ARCTIC_SIDE_GR4_ST2_LRR0_R0_SIDE_.png
2.1,17,3.0,10,2.1,17,3.0,10,SEA_SNAIL_ARCTIC_SIDE_GR5_ST2_LRR0_R0_SIDE_.png
1.6,18,3.0,10,1.6,18,3.0,10,SEA_SNAIL_ARCTIC_SIDE_GR0_ST3_LRR0_R0_SIDE_.png
1.7,18,3.0,10,1.7,18,3.0,10,SEA_SNAIL_ARCTIC_SIDE_GR1_ST3_LRR0_R0_SIDE_.png
1.8,18,3.0,10,1.8,18,3.0,10,SEA_SNAIL_ARCTIC_SIDE_GR2_ST3_LRR0_R0_SIDE_.png
1.9,18,3.0,10,1.9,18,3.0,10,SEA_SNAIL_ARCTIC_SIDE_GR3_ST3_LRR0_R0_SIDE_.png
2.0,18,3.0,10,2.0,18,3.0,10,SEA_SNAIL_ARCTIC_SIDE_GR4_ST3_LRR0_R0_SIDE_.png
2.1,18,3.0,10,2.1,18,3.0,10,SEA_SNAIL_ARCTIC_SIDE_GR5_ST3_LRR0_R0_SIDE_.png
1.6,19,3.0,10,1.6,19,3.0,10,SEA_SNAIL_ARCTIC_SIDE_GR0_ST4_LRR0_R0_SIDE_.png
1.7,19,3.0,10,1.7,19,3.0,10,SEA_SNAIL_ARCTIC_SIDE_GR1_ST4_LRR0_R0_SIDE_.png
1.8,19,3.0,10,1.8,19,3.0,10,SEA_SNAIL_ARCTIC_SIDE_GR2_ST4_LRR0_R0_SIDE_.png
1.9,19,3.0,10,1.9,19,3.0,10,SEA_SNAIL_ARCTIC_SIDE_GR3_ST4_LRR0_R0_SIDE_.png
2.0,19,3.0,10,2.0,19,3.0,10,SEA_SNAIL_ARCTIC_SIDE_GR4_ST4_LRR0_R0_SIDE_.png
2.1,19,3.0,10,2.1,19,3.0,10,SEA_SNAIL_ARCTIC_SIDE_GR5_ST4_LRR0_R0_SIDE_.png
1.6,20,3.0,10,1.6,20,3.0,10,SEA_SNAIL_ARCTIC_SIDE_GR0_ST5_LRR0_R0_SIDE_.png
1.7,20,3.0,10,1.7,20,3.0,10,SEA_SNAIL_ARCTIC_SIDE_GR1_ST5_LRR0_R0_SIDE_.png
1.8,20,3.0,10,1.8,20,3.0,10,SEA_SNAIL_ARCTIC_SIDE_GR2_ST5_LRR0_R0_SIDE_.png
1.9,20,3.0,10,1.9,20,3.0,10,SEA_SNAIL_ARCTIC_SIDE_GR3_ST5_LRR0_R0_SIDE_.png
2.0,20,3.0,10,2.0,20,3.0,10,SEA_SNAIL_ARCTIC_SIDE_GR4_ST5_LRR0_R0_SIDE_.png
2.1,20,3.0,10,2.1,20,3.0,10,SEA_SNAIL_ARCTIC_SIDE_GR5_ST5_LRR0_R0_SIDE_.png
1.6,15,3.1,10,1.6,15,3.1,10,SEA_SNAIL_ARCTIC_SIDE_GR0_ST0_LRR1_R0_SIDE_.png
1.7,15,3.1,10,1.7,15,3.1,10,SEA_SNAIL_ARCTIC_SIDE_GR1_ST0_LRR1_R0_SIDE_.png
1.8,15,3.1,10,1.8,15,3.1,10,SEA_SNAIL_ARCTIC_SIDE_GR2_ST0_LRR1_R0_SIDE_.png
1.9,15,3.1,10,1.9,15,3.1,10,SEA_SNAIL_ARCTIC_SIDE_GR3_ST0_LRR1_R0_SIDE_.png
2.0,15,3.1,10,2.0,15,3.1,10,SEA_SNAIL_ARCTIC_SIDE_GR4_ST0_LRR1_R0_SIDE_.png
2.1,15,3.1,10,2.1,15,3.1,10,SEA_SNAIL_ARCTIC_SIDE_GR5_ST0_LRR1_R0_SIDE_.png
1.6,16,3.1,10,1.6,16,3.1,10,SEA_SNAIL_ARCTIC_SIDE_GR0_ST1_LRR1_R0_SIDE_.png
1.7,16,3.1,10,1.7,16,3.1,10,SEA_SNAIL_ARCTIC_SIDE_GR1_ST1_LRR1_R0_SIDE_.png
1.8,16,3.1,10,1.8,16,3.1,10,SEA_SNAIL_ARCTIC_SIDE_GR2_ST1_LRR1_R0_SIDE_.png
1.9,16,3.1,10,1.9,16,3.1,10,SEA_SNAIL_ARCTIC_SIDE_GR3_ST1_LRR1_R0_SIDE_.png
2.0,16,3.1,10,2.0,16,3.1,10,SEA_SNAIL_ARCTIC_SIDE_GR4_ST1_LRR1_R0_SIDE_.png
2.1,16,3.1,10,2.1,16,3.1,10,SEA_SNAIL_ARCTIC_SIDE_GR5_ST1_LRR1_R0_SIDE_.png
1.6,17,3.1,10,1.6,17,3.1,10,SEA_SNAIL_ARCTIC_SIDE_GR0_ST2_LRR1_R0_SIDE_.png
1.7,17,3.1,10,1.7,17,3.1,10,SEA_SNAIL_ARCTIC_SIDE_GR1_ST2_LRR1_R0_SIDE_.png
1.8,17,3.1,10,1.8,17,3.1,10,SEA_SNAIL_ARCTIC_SIDE_GR2_ST2_LRR1_R0_SIDE_.png
1.9,17,3.1,10,1.9,17,3.1,10,SEA_SNAIL_ARCTIC_SIDE_GR3_ST2_LRR1_R0_SIDE_.png
2.0,17,3.1,10,2.0,17,3.1,10,SEA_SNAIL_ARCTIC_SIDE_GR4_ST2_LRR1_R0_SIDE_.png
2.1,17,3.1,10,2.1,17,3.1,10,SEA_SNAIL_ARCTIC_SIDE_GR5_ST2_LRR1_R0_SIDE_.png
1.6,18,3.1,10,1.6,18,3.1,10,SEA_SNAIL_ARCTIC_SIDE_GR0_ST3_LRR1_R0_SIDE_.png
1.7,18,3.1,10,1.7,18,3.1,10,SEA_SNAIL_ARCTIC_SIDE_GR1_ST3_LRR1_R0_SIDE_.png
1.8,18,3.1,10,1.8,18,3.1,10,SEA_SNAIL_ARCTIC_SIDE_GR2_ST3_LRR1_R0_SIDE_.png
1.9,18,3.1,10,1.9,18,3.1,10,SEA_SNAIL_ARCTIC_SIDE_GR3_ST3_LRR1_R0_SIDE_.png
2.0,18,3.1,10,2.0,18,3.1,10,SEA_SNAIL_ARCTIC_SIDE_GR4_ST3_LRR1_R0_SIDE_.png
2.1,18,3.1,10,2.1,18,3.1,10,SEA_SNAIL_ARCTIC_SIDE_GR5_ST3_LRR1_R0_SIDE_.png
1.6,19,3.1,10,1.6,19,3.1,10,SEA_SNAIL_ARCTIC_SIDE_GR0_ST4_LRR1_R0_SIDE_.png
1.7,19,3.1,10,1.7,19,3.1,10,SEA_SNAIL_ARCTIC_SIDE_GR1_ST4_LRR1_R0_SIDE_.png
1.8,19,3.1,10,1.8,19,3.1,10,SEA_SNAIL_ARCTIC_SIDE_GR2_ST4_LRR1_R0_SIDE_.png
1.9,19,3.1,10,1.9,19,3.1,10,SEA_SNAIL_ARCTIC_SIDE_GR3_ST4_LRR1_R0_SIDE_.png
2.0,19,3.1,10,2.0,19,3.1,10,SEA_SNAIL_ARCTIC_SIDE_GR4_ST4_LRR1_R0_SIDE_.png
2.1,19,3.1,10,2.1,19,3.1,10,SEA_SNAIL_ARCTIC_SIDE_GR5_ST4_LRR1_R0_SIDE_.png
1.6,20,3.1,10,1.6,20,3.1,10,SEA_SNAIL_ARCTIC_SIDE_GR0_ST5_LRR1_R0_SIDE_.png
1.7,20,3.1,10,1.7,20,3.1,10,SEA_SNAIL_ARCTIC_SIDE_GR1_ST5_LRR1_R0_SIDE_.png
1.8,20,3.1,10,1.8,20,3.1,10,SEA_SNAIL_ARCTIC_SIDE_GR2_ST5_LRR1_R0_SIDE_.png
1.9,20,3.1,10,1.9,20,3.1,10,SEA_SNAIL_ARCTIC_SIDE_GR3_ST5_LRR1_R0_SIDE_.png
2.0,20,3.1,10,2.0,20,3.1,10,SEA_SNAIL_ARCTIC_SIDE_GR4_ST5_LRR1_R0_SIDE_.png
2.1,20,3.1,10,2.1,20,3.1,10,SEA_SNAIL_ARCTIC_SIDE_GR5_ST5_LRR1_R0_SIDE_.png
1.6,15,3.2,10,1.6,15,3.2,10,SEA_SNAIL_ARCTIC_SIDE_GR0_ST0_LRR2_R0_SIDE_.png
1.7,15,3.2,10,1.7,15,3.2,10,SEA_SNAIL_ARCTIC_SIDE_GR1_ST0_LRR2_R0_SIDE_.png
1.8,15,3.2,10,1.8,15,3.2,10,SEA_SNAIL_ARCTIC_SIDE_GR2_ST0_LRR2_R0_SIDE_.png
1.9,15,3.2,10,1.9,15,3.2,10,SEA_SNAIL_ARCTIC_SIDE_GR3_ST0_LRR2_R0_SIDE_.png
2.0,15,3.2,10,2.0,15,3.2,10,SEA_SNAIL_ARCTIC_SIDE_GR4_ST0_LRR2_R0_SIDE_.png
2.1,15,3.2,10,2.1,15,3.2,10,SEA_SNAIL_ARCTIC_SIDE_GR5_ST0_LRR2_R0_SIDE_.png
1.6,16,3.2,10,1.6,16,3.2,10,SEA_SNAIL_ARCTIC_SIDE_GR0_ST1_LRR2_R0_SIDE_.png
1.7,16,3.2,10,1.7,16,3.2,10,SEA_SNAIL_ARCTIC_SIDE_GR1_ST1_LRR2_R0_SIDE_.png
1.8,16,3.2,10,1.8,16,3.2,10,SEA_SNAIL_ARCTIC_SIDE_GR2_ST1_LRR2_R0_SIDE_.png
1.9,16,3.2,10,1.9,16,3.2,10,SEA_SNAIL_ARCTIC_SIDE_GR3_ST1_LRR2_R0_SIDE_.png
2.0,16,3.2,10,2.0,16,3.2,10,SEA_SNAIL_ARCTIC_SIDE_GR4_ST1_LRR2_R0_SIDE_.png
2.1,16,3.2,10,2.1,16,3.2,10,SEA_SNAIL_ARCTIC_SIDE_GR5_ST1_LRR2_R0_SIDE_.png
1.6,17,3.2,10,1.6,17,3.2,10,SEA_SNAIL_ARCTIC_SIDE_GR0_ST2_LRR2_R0_SIDE_.png
1.7,17,3.2,10,1.7,17,3.2,10,SEA_SNAIL_ARCTIC_SIDE_GR1_ST2_LRR2_R0_SIDE_.png
1.8,17,3.2,10,1.8,17,3.2,10,SEA_SNAIL_ARCTIC_SIDE_GR2_ST2_LRR2_R0_SIDE_.png
1.9,17,3.2,10,1.9,17,3.2,10,SEA_SNAIL_ARCTIC_SIDE_GR3_ST2_LRR2_R0_SIDE_.png
2.0,17,3.2,10,2.0,17,3.2,10,SEA_SNAIL_ARCTIC_SIDE_GR4_ST2_LRR2_R0_SIDE_.png
2.1,17,3.2,10,2.1,17,3.2,10,SEA_SNAIL_ARCTIC_SIDE_GR5_ST2_LRR2_R0_SIDE_.png
1.6,18,3.2,10,1.6,18,3.2,10,SEA_SNAIL_ARCTIC_SIDE_GR0_ST3_LRR2_R0_SIDE_.png
1.7,18,3.2,10,1.7,18,3.2,10,SEA_SNAIL_ARCTIC_SIDE_GR1_ST3_LRR2_R0_SIDE_.png
1.8,18,3.2,10,1.8,18,3.2,10,SEA_SNAIL_ARCTIC_SIDE_GR2_ST3_LRR2_R0_SIDE_.png
1.9,18,3.2,10,1.9,18,3.2,10,SEA_SNAIL_ARCTIC_SIDE_GR3_ST3_LRR2_R0_SIDE_.png
2.0,18,3.2,10,2.0,18,3.2,10,SEA_SNAIL_ARCTIC_SIDE_GR4_ST3_LRR2_R0_SIDE_.png
2.1,18,3.2,10,2.1,18,3.2,10,SEA_SNAIL_ARCTIC_SIDE_GR5_ST3_LRR2_R0_SIDE_.png
1.6,19,3.2,10,1.6,19,3.2,10,SEA_SNAIL_ARCTIC_SIDE_GR0_ST4_LRR2_R0_SIDE_.png
1.7,19,3.2,10,1.7,19,3.2,10,SEA_SNAIL_ARCTIC_SIDE_GR1_ST4_LRR2_R0_SIDE_.png
1.8,19,3.2,10,1.8,19,3.2,10,SEA_SNAIL_ARCTIC_SIDE_GR2_ST4_LRR2_R0_SIDE_.png
1.9,19,3.2,10,1.9,19,3.2,10,SEA_SNAIL_ARCTIC_SIDE_GR3_ST4_LRR2_R0_SIDE_.png
2.0,19,3.2,10,2.0,19,3.2,10,SEA_SNAIL_ARCTIC_SIDE_GR4_ST4_LRR2_R0_SIDE_.png
2.1,19,3.2,10,2.1,19,3.2,10,SEA_SNAIL_ARCTIC_SIDE_GR5_ST4_LRR2_R0_SIDE_.png
1.6,20,3.2,10,1.6,20,3.2,10,SEA_SNAIL_ARCTIC_SIDE_GR0_ST5_LRR2_R0_SIDE_.png
1.7,20,3.2,10,1.7,20,3.2,10,SEA_SNAIL_ARCTIC_SIDE_GR1_ST5_LRR2_R0_SIDE_.png
1.8,20,3.2,10,1.8,20,3.2,10,SEA_SNAIL_ARCTIC_SIDE_GR2_ST5_LRR2_R0_SIDE_.png
1.9,20,3.2,10,1.9,20,3.2,10,SEA_SNAIL_ARCTIC_SIDE_GR3_ST5_LRR2_R0_SIDE_.png
2.0,20,3.2,10,2.0,20,3.2,10,SEA_SNAIL_ARCTIC_SIDE_GR4_ST5_LRR2_R0_SIDE_.png
2.1,20,3.2,10,2.1,20,3.2,10,SEA_SNAIL_ARCTIC_SIDE_GR5_ST5_LRR2_R0_SIDE_.png
1.6,15,3.3,10,1.6,15,3.3,10,SEA_SNAIL_ARCTIC_SIDE_GR0_ST0_LRR3_R0_SIDE_.png
1.7,15,3.3,10,1.7,15,3.3,10,SEA_SNAIL_ARCTIC_SIDE_GR1_ST0_LRR3_R0_SIDE_.png
1.8,15,3.3,10,1.8,15,3.3,10,SEA_SNAIL_ARCTIC_SIDE_GR2_ST0_LRR3_R0_SIDE_.png
1.9,15,3.3,10,1.9,15,3.3,10,SEA_SNAIL_ARCTIC_SIDE_GR3_ST0_LRR3_R0_SIDE_.png
2.0,15,3.3,10,2.0,15,3.3,10,SEA_SNAIL_ARCTIC_SIDE_GR4_ST0_LRR3_R0_SIDE_.png
2.1,15,3.3,10,2.1,15,3.3,10,SEA_SNAIL_ARCTIC_SIDE_GR5_ST0_LRR3_R0_SIDE_.png
1.6,16,3.3,10,1.6,16,3.3,10,SEA_SNAIL_ARCTIC_SIDE_GR0_ST1_LRR3_R0_SIDE_.png
1.7,16,3.3,10,1.7,16,3.3,10,SEA_SNAIL_ARCTIC_SIDE_GR1_ST1_LRR3_R0_SIDE_.png
1.8,16,3.3,10,1.8,16,3.3,10,SEA_SNAIL_ARCTIC_SIDE_GR2_ST1_LRR3_R0_SIDE_.png
1.9,16,3.3,10,1.9,16,3.3,10,SEA_SNAIL_ARCTIC_SIDE_GR3_ST1_LRR3_R0_SIDE_.png
2.0,16,3.3,10,2.0,16,3.3,10,SEA_SNAIL_ARCTIC_SIDE_GR4_ST1_LRR3_R0_SIDE_.png
2.1,16,3.3,10,2.1,16,3.3,10,SEA_SNAIL_ARCTIC_SIDE_GR5_ST1_LRR3_R0_SIDE_.png
1.6,17,3.3,10,1.6,17,3.3,10,SEA_SNAIL_ARCTIC_SIDE_GR0_ST2_LRR3_R0_SIDE_.png
1.7,17,3.3,10,1.7,17,3.3,10,SEA_SNAIL_ARCTIC_SIDE_GR1_ST2_LRR3_R0_SIDE_.png
1.8,17,3.3,10,1.8,17,3.3,10,SEA_SNAIL_ARCTIC_SIDE_GR2_ST2_LRR3_R0_SIDE_.png
1.9,17,3.3,10,1.9,17,3.3,10,SEA_SNAIL_ARCTIC_SIDE_GR3_ST2_LRR3_R0_SIDE_.png
2.0,17,3.3,10,2.0,17,3.3,10,SEA_SNAIL_ARCTIC_SIDE_GR4_ST2_LRR3_R0_SIDE_.png
2.1,17,3.3,10,2.1,17,3.3,10,SEA_SNAIL_ARCTIC_SIDE_GR5_ST2_LRR3_R0_SIDE_.png
1.6,18,3.3,10,1.6,18,3.3,10,SEA_SNAIL_ARCTIC_SIDE_GR0_ST3_LRR3_R0_SIDE_.png
1.7,18,3.3,10,1.7,18,3.3,10,SEA_SNAIL_ARCTIC_SIDE_GR1_ST3_LRR3_R0_SIDE_.png
1.8,18,3.3,10,1.8,18,3.3,10,SEA_SNAIL_ARCTIC_SIDE_GR2_ST3_LRR3_R0_SIDE_.png
1.9,18,3.3,10,1.9,18,3.3,10,SEA_SNAIL_ARCTIC_SIDE_GR3_ST3_LRR3_R0_SIDE_.png
2.0,18,3.3,10,2.0,18,3.3,10,SEA_SNAIL_ARCTIC_SIDE_GR4_ST3_LRR3_R0_SIDE_.png
2.1,18,3.3,10,2.1,18,3.3,10,SEA_SNAIL_ARCTIC_SIDE_GR5_ST3_LRR3_R0_SIDE_.png
1.6,19,3.3,10,1.6,19,3.3,10,SEA_SNAIL_ARCTIC_SIDE_GR0_ST4_LRR3_R0_SIDE_.png
1.7,19,3.3,10,1.7,19,3.3,10,SEA_SNAIL_ARCTIC_SIDE_GR1_ST4_LRR3_R0_SIDE_.png
1.8,19,3.3,10,1.8,19,3.3,10,SEA_SNAIL_ARCTIC_SIDE_GR2_ST4_LRR3_R0_SIDE_.png
1.9,19,3.3,10,1.9,19,3.3,10,SEA_SNAIL_ARCTIC_SIDE_GR3_ST4_LRR3_R0_SIDE_.png
2.0,19,3.3,10,2.0,19,3.3,10,SEA_SNAIL_ARCTIC_SIDE_GR4_ST4_LRR3_R0_SIDE_.png
2.1,19,3.3,10,2.1,19,3.3,10,SEA_SNAIL_ARCTIC_SIDE_GR5_ST4_LRR3_R0_SIDE_.png
1.6,20,3.3,10,1.6,20,3.3,10,SEA_SNAIL_ARCTIC_SIDE_GR0_ST5_LRR3_R0_SIDE_.png
1.7,20,3.3,10,1.7,20,3.3,10,SEA_SNAIL_ARCTIC_SIDE_GR1_ST5_LRR3_R0_SIDE_.png
1.8,20,3.3,10,1.8,20,3.3,10,SEA_SNAIL_ARCTIC_SIDE_GR2_ST5_LRR3_R0_SIDE_.png
1.9,20,3.3,10,1.9,20,3.3,10,SEA_SNAIL_ARCTIC_SIDE_GR3_ST5_LRR3_R0_SIDE_.png
2.0,20,3.3,10,2.0,20,3.3,10,SEA_SNAIL_ARCTIC_SIDE_GR4_ST5_LRR3_R0_SIDE_.png
2.1,20,3.3,10,2.1,20,3.3,10,SEA_SNAIL_ARCTIC_SIDE_GR5_ST5_LRR3_R0_SIDE_.png
1.6,15,3.4,10,1.6,15,3.4,10,SEA_SNAIL_ARCTIC_SIDE_GR0_ST0_LRR4_R0_SIDE_.png
1.7,15,3.4,10,1.7,15,3.4,10,SEA_SNAIL_ARCTIC_SIDE_GR1_ST0_LRR4_R0_SIDE_.png
1.8,15,3.4,10,1.8,15,3.4,10,SEA_SNAIL_ARCTIC_SIDE_GR2_ST0_LRR4_R0_SIDE_.png
1.9,15,3.4,10,1.9,15,3.4,10,SEA_SNAIL_ARCTIC_SIDE_GR3_ST0_LRR4_R0_SIDE_.png
2.0,15,3.4,10,2.0,15,3.4,10,SEA_SNAIL_ARCTIC_SIDE_GR4_ST0_LRR4_R0_SIDE_.png
2.1,15,3.4,10,2.1,15,3.4,10,SEA_SNAIL_ARCTIC_SIDE_GR5_ST0_LRR4_R0_SIDE_.png
1.6,16,3.4,10,1.6,16,3.4,10,SEA_SNAIL_ARCTIC_SIDE_GR0_ST1_LRR4_R0_SIDE_.png
1.7,16,3.4,10,1.7,16,3.4,10,SEA_SNAIL_ARCTIC_SIDE_GR1_ST1_LRR4_R0_SIDE_.png
1.8,16,3.4,10,1.8,16,3.4,10,SEA_SNAIL_ARCTIC_SIDE_GR2_ST1_LRR4_R0_SIDE_.png
1.9,16,3.4,10,1.9,16,3.4,10,SEA_SNAIL_ARCTIC_SIDE_GR3_ST1_LRR4_R0_SIDE_.png
2.0,16,3.4,10,2.0,16,3.4,10,SEA_SNAIL_ARCTIC_SIDE_GR4_ST1_LRR4_R0_SIDE_.png
2.1,16,3.4,10,2.1,16,3.4,10,SEA_SNAIL_ARCTIC_SIDE_GR5_ST1_LRR4_R0_SIDE_.png
1.6,17,3.4,10,1.6,17,3.4,10,SEA_SNAIL_ARCTIC_SIDE_GR0_ST2_LRR4_R0_SIDE_.png
1.7,17,3.4,10,1.7,17,3.4,10,SEA_SNAIL_ARCTIC_SIDE_GR1_ST2_LRR4_R0_SIDE_.png
1.8,17,3.4,10,1.8,17,3.4,10,SEA_SNAIL_ARCTIC_SIDE_GR2_ST2_LRR4_R0_SIDE_.png
1.9,17,3.4,10,1.9,17,3.4,10,SEA_SNAIL_ARCTIC_SIDE_GR3_ST2_LRR4_R0_SIDE_.png
2.0,17,3.4,10,2.0,17,3.4,10,SEA_SNAIL_ARCTIC_SIDE_GR4_ST2_LRR4_R0_SIDE_.png
2.1,17,3.4,10,2.1,17,3.4,10,SEA_SNAIL_ARCTIC_SIDE_GR5_ST2_LRR4_R0_SIDE_.png
1.6,18,3.4,10,1.6,18,3.4,10,SEA_SNAIL_ARCTIC_SIDE_GR0_ST3_LRR4_R0_SIDE_.png
1.7,18,3.4,10,1.7,18,3.4,10,SEA_SNAIL_ARCTIC_SIDE_GR1_ST3_LRR4_R0_SIDE_.png
1.8,18,3.4,10,1.8,18,3.4,10,SEA_SNAIL_ARCTIC_SIDE_GR2_ST3_LRR4_R0_SIDE_.png
1.9,18,3.4,10,1.9,18,3.4,10,SEA_SNAIL_ARCTIC_SIDE_GR3_ST3_LRR4_R0_SIDE_.png
2.0,18,3.4,10,2.0,18,3.4,10,SEA_SNAIL_ARCTIC_SIDE_GR4_ST3_LRR4_R0_SIDE_.png
2.1,18,3.4,10,2.1,18,3.4,10,SEA_SNAIL_ARCTIC_SIDE_GR5_ST3_LRR4_R0_SIDE_.png
1.6,19,3.4,10,1.6,19,3.4,10,SEA_SNAIL_ARCTIC_SIDE_GR0_ST4_LRR4_R0_SIDE_.png
1.7,19,3.4,10,1.7,19,3.4,10,SEA_SNAIL_ARCTIC_SIDE_GR1_ST4_LRR4_R0_SIDE_.png
1.8,19,3.4,10,1.8,19,3.4,10,SEA_SNAIL_ARCTIC_SIDE_GR2_ST4_LRR4_R0_SIDE_.png
1.9,19,3.4,10,1.9,19,3.4,10,SEA_SNAIL_ARCTIC_SIDE_GR3_ST4_LRR4_R0_SIDE_.png
2.0,19,3.4,10,2.0,19,3.4,10,SEA_SNAIL_ARCTIC_SIDE_GR4_ST4_LRR4_R0_SIDE_.png
2.1,19,3.4,10,2.1,19,3.4,10,SEA_SNAIL_ARCTIC_SIDE_GR5_ST4_LRR4_R0_SIDE_.png
1.6,20,3.4,10,1.6,20,3.4,10,SEA_SNAIL_ARCTIC_SIDE_GR0_ST5_LRR4_R0_SIDE_.png
1.7,20,3.4,10,1.7,20,3.4,10,SEA_SNAIL_ARCTIC_SIDE_GR1_ST5_LRR4_R0_SIDE_.png
1.8,20,3.4,10,1.8,20,3.4,10,SEA_SNAIL_ARCTIC_SIDE_GR2_ST5_LRR4_R0_SIDE_.png
1.9,20,3.4,10,1.9,20,3.4,10,SEA_SNAIL_ARCTIC_SIDE_GR3_ST5_LRR4_R0_SIDE_.png
2.0,20,3.4,10,2.0,20,3.4,10,SEA_SNAIL_ARCTIC_SIDE_GR4_ST5_LRR4_R0_SIDE_.png
2.1,20,3.4,10,2.1,20,3.4,10,SEA_SNAIL_ARCTIC_SIDE_GR5_ST5_LRR4_R0_SIDE_.png
1.6,15,3.5,10,1.6,15,3.5,10,SEA_SNAIL_ARCTIC_SIDE_GR0_ST0_LRR5_R0_SIDE_.png
1.7,15,3.5,10,1.7,15,3.5,10,SEA_SNAIL_ARCTIC_SIDE_GR1_ST0_LRR5_R0_SIDE_.png
1.8,15,3.5,10,1.8,15,3.5,10,SEA_SNAIL_ARCTIC_SIDE_GR2_ST0_LRR5_R0_SIDE_.png
1.9,15,3.5,10,1.9,15,3.5,10,SEA_SNAIL_ARCTIC_SIDE_GR3_ST0_LRR5_R0_SIDE_.png
2.0,15,3.5,10,2.0,15,3.5,10,SEA_SNAIL_ARCTIC_SIDE_GR4_ST0_LRR5_R0_SIDE_.png
2.1,15,3.5,10,2.1,15,3.5,10,SEA_SNAIL_ARCTIC_SIDE_GR5_ST0_LRR5_R0_SIDE_.png
1.6,16,3.5,10,1.6,16,3.5,10,SEA_SNAIL_ARCTIC_SIDE_GR0_ST1_LRR5_R0_SIDE_.png
1.7,16,3.5,10,1.7,16,3.5,10,SEA_SNAIL_ARCTIC_SIDE_GR1_ST1_LRR5_R0_SIDE_.png
1.8,16,3.5,10,1.8,16,3.5,10,SEA_SNAIL_ARCTIC_SIDE_GR2_ST1_LRR5_R0_SIDE_.png
1.9,16,3.5,10,1.9,16,3.5,10,SEA_SNAIL_ARCTIC_SIDE_GR3_ST1_LRR5_R0_SIDE_.png
2.0,16,3.5,10,2.0,16,3.5,10,SEA_SNAIL_ARCTIC_SIDE_GR4_ST1_LRR5_R0_SIDE_.png
2.1,16,3.5,10,2.1,16,3.5,10,SEA_SNAIL_ARCTIC_SIDE_GR5_ST1_LRR5_R0_SIDE_.png
1.6,17,3.5,10,1.6,17,3.5,10,SEA_SNAIL_ARCTIC_SIDE_GR0_ST2_LRR5_R0_SIDE_.png
1.7,17,3.5,10,1.7,17,3.5,10,SEA_SNAIL_ARCTIC_SIDE_GR1_ST2_LRR5_R0_SIDE_.png
1.8,17,3.5,10,1.8,17,3.5,10,SEA_SNAIL_ARCTIC_SIDE_GR2_ST2_LRR5_R0_SIDE_.png
1.9,17,3.5,10,1.9,17,3.5,10,SEA_SNAIL_ARCTIC_SIDE_GR3_ST2_LRR5_R0_SIDE_.png
2.0,17,3.5,10,2.0,17,3.5,10,SEA_SNAIL_ARCTIC_SIDE_GR4_ST2_LRR5_R0_SIDE_.png
2.1,17,3.5,10,2.1,17,3.5,10,SEA_SNAIL_ARCTIC_SIDE_GR5_ST2_LRR5_R0_SIDE_.png
1.6,18,3.5,10,1.6,18,3.5,10,SEA_SNAIL_ARCTIC_SIDE_GR0_ST3_LRR5_R0_SIDE_.png
1.7,18,3.5,10,1.7,18,3.5,10,SEA_SNAIL_ARCTIC_SIDE_GR1_ST3_LRR5_R0_SIDE_.png
1.8,18,3.5,10,1.8,18,3.5,10,SEA_SNAIL_ARCTIC_SIDE_GR2_ST3_LRR5_R0_SIDE_.png
1.9,18,3.5,10,1.9,18,3.5,10,SEA_SNAIL_ARCTIC_SIDE_GR3_ST3_LRR5_R0_SIDE_.png
2.0,18,3.5,10,2.0,18,3.5,10,SEA_SNAIL_ARCTIC_SIDE_GR4_ST3_LRR5_R0_SIDE_.png
2.1,18,3.5,10,2.1,18,3.5,10,SEA_SNAIL_ARCTIC_SIDE_GR5_ST3_LRR5_R0_SIDE_.png
1.6,19,3.5,10,1.6,19,3.5,10,SEA_SNAIL_ARCTIC_SIDE_GR0_ST4_LRR5_R0_SIDE_.png
1.7,19,3.5,10,1.7,19,3.5,10,SEA_SNAIL_ARCTIC_SIDE_GR1_ST4_LRR5_R0_SIDE_.png
1.8,19,3.5,10,1.8,19,3.5,10,SEA_SNAIL_ARCTIC_SIDE_GR2_ST4_LRR5_R0_SIDE_.png
1.9,19,3.5,10,1.9,19,3.5,10,SEA_SNAIL_ARCTIC_SIDE_GR3_ST4_LRR5_R0_SIDE_.png
2.0,19,3.5,10,2.0,19,3.5,10,SEA_SNAIL_ARCTIC_SIDE_GR4_ST4_LRR5_R0_SIDE_.png
2.1,19,3.5,10,2.1,19,3.5,10,SEA_SNAIL_ARCTIC_SIDE_GR5_ST4_LRR5_R0_SIDE_.png
1.6,20,3.5,10,1.6,20,3.5,10,SEA_SNAIL_ARCTIC_SIDE_GR0_ST5_LRR5_R0_SIDE_.png
1.7,20,3.5,10,1.7,20,3.5,10,SEA_SNAIL_ARCTIC_SIDE_GR1_ST5_LRR5_R0_SIDE_.png
1.8,20,3.5,10,1.8,20,3.5,10,SEA_SNAIL_ARCTIC_SIDE_GR2_ST5_LRR5_R0_SIDE_.png
1.9,20,3.5,10,1.9,20,3.5,10,SEA_SNAIL_ARCTIC_SIDE_GR3_ST5_LRR5_R0_SIDE_.png
2.0,20,3.5,10,2.0,20,3.5,10,SEA_SNAIL_ARCTIC_SIDE_GR4_ST5_LRR5_R0_SIDE_.png
2.1,20,3.5,10,2.1,20,3.5,10,SEA_SNAIL_ARCTIC_SIDE_GR5_ST5_LRR5_R0_SIDE_.png
1.6,15,3.0,11,1.6,15,3.0,11,SEA_SNAIL_ARCTIC_SIDE_GR0_ST0_LRR0_R1_SIDE_.png
1.7,15,3.0,11,1.7,15,3.0,11,SEA_SNAIL_ARCTIC_SIDE_GR1_ST0_LRR0_R1_SIDE_.png
1.8,15,3.0,11,1.8,15,3.0,11,SEA_SNAIL_ARCTIC_SIDE_GR2_ST0_LRR0_R1_SIDE_.png
1.9,15,3.0,11,1.9,15,3.0,11,SEA_SNAIL_ARCTIC_SIDE_GR3_ST0_LRR0_R1_SIDE_.png
2.0,15,3.0,11,2.0,15,3.0,11,SEA_SNAIL_ARCTIC_SIDE_GR4_ST0_LRR0_R1_SIDE_.png
2.1,15,3.0,11,2.1,15,3.0,11,SEA_SNAIL_ARCTIC_SIDE_GR5_ST0_LRR0_R1_SIDE_.png
1.6,16,3.0,11,1.6,16,3.0,11,SEA_SNAIL_ARCTIC_SIDE_GR0_ST1_LRR0_R1_SIDE_.png
1.7,16,3.0,11,1.7,16,3.0,11,SEA_SNAIL_ARCTIC_SIDE_GR1_ST1_LRR0_R1_SIDE_.png
1.8,16,3.0,11,1.8,16,3.0,11,SEA_SNAIL_ARCTIC_SIDE_GR2_ST1_LRR0_R1_SIDE_.png
1.9,16,3.0,11,1.9,16,3.0,11,SEA_SNAIL_ARCTIC_SIDE_GR3_ST1_LRR0_R1_SIDE_.png
2.0,16,3.0,11,2.0,16,3.0,11,SEA_SNAIL_ARCTIC_SIDE_GR4_ST1_LRR0_R1_SIDE_.png
2.1,16,3.0,11,2.1,16,3.0,11,SEA_SNAIL_ARCTIC_SIDE_GR5_ST1_LRR0_R1_SIDE_.png
1.6,17,3.0,11,1.6,17,3.0,11,SEA_SNAIL_ARCTIC_SIDE_GR0_ST2_LRR0_R1_SIDE_.png
1.7,17,3.0,11,1.7,17,3.0,11,SEA_SNAIL_ARCTIC_SIDE_GR1_ST2_LRR0_R1_SIDE_.png
1.8,17,3.0,11,1.8,17,3.0,11,SEA_SNAIL_ARCTIC_SIDE_GR2_ST2_LRR0_R1_SIDE_.png
1.9,17,3.0,11,1.9,17,3.0,11,SEA_SNAIL_ARCTIC_SIDE_GR3_ST2_LRR0_R1_SIDE_.png
2.0,17,3.0,11,2.0,17,3.0,11,SEA_SNAIL_ARCTIC_SIDE_GR4_ST2_LRR0_R1_SIDE_.png
2.1,17,3.0,11,2.1,17,3.0,11,SEA_SNAIL_ARCTIC_SIDE_GR5_ST2_LRR0_R1_SIDE_.png
1.6,18,3.0,11,1.6,18,3.0,11,SEA_SNAIL_ARCTIC_SIDE_GR0_ST3_LRR0_R1_SIDE_.png
1.7,18,3.0,11,1.7,18,3.0,11,SEA_SNAIL_ARCTIC_SIDE_GR1_ST3_LRR0_R1_SIDE_.png
1.8,18,3.0,11,1.8,18,3.0,11,SEA_SNAIL_ARCTIC_SIDE_GR2_ST3_LRR0_R1_SIDE_.png
1.9,18,3.0,11,1.9,18,3.0,11,SEA_SNAIL_ARCTIC_SIDE_GR3_ST3_LRR0_R1_SIDE_.png
2.0,18,3.0,11,2.0,18,3.0,11,SEA_SNAIL_ARCTIC_SIDE_GR4_ST3_LRR0_R1_SIDE_.png
2.1,18,3.0,11,2.1,18,3.0,11,SEA_SNAIL_ARCTIC_SIDE_GR5_ST3_LRR0_R1_SIDE_.png
1.6,19,3.0,11,1.6,19,3.0,11,SEA_SNAIL_ARCTIC_SIDE_GR0_ST4_LRR0_R1_SIDE_.png
1.7,19,3.0,11,1.7,19,3.0,11,SEA_SNAIL_ARCTIC_SIDE_GR1_ST4_LRR0_R1_SIDE_.png
1.8,19,3.0,11,1.8,19,3.0,11,SEA_SNAIL_ARCTIC_SIDE_GR2_ST4_LRR0_R1_SIDE_.png
1.9,19,3.0,11,1.9,19,3.0,11,SEA_SNAIL_ARCTIC_SIDE_GR3_ST4_LRR0_R1_SIDE_.png
2.0,19,3.0,11,2.0,19,3.0,11,SEA_SNAIL_ARCTIC_SIDE_GR4_ST4_LRR0_R1_SIDE_.png
2.1,19,3.0,11,2.1,19,3.0,11,SEA_SNAIL_ARCTIC_SIDE_GR5_ST4_LRR0_R1_SIDE_.png
1.6,20,3.0,11,1.6,20,3.0,11,SEA_SNAIL_ARCTIC_SIDE_GR0_ST5_LRR0_R1_SIDE_.png
1.7,20,3.0,11,1.7,20,3.0,11,SEA_SNAIL_ARCTIC_SIDE_GR1_ST5_LRR0_R1_SIDE_.png
1.8,20,3.0,11,1.8,20,3.0,11,SEA_SNAIL_ARCTIC_SIDE_GR2_ST5_LRR0_R1_SIDE_.png
1.9,20,3.0,11,1.9,20,3.0,11,SEA_SNAIL_ARCTIC_SIDE_GR3_ST5_LRR0_R1_SIDE_.png
2.0,20,3.0,11,2.0,20,3.0,11,SEA_SNAIL_ARCTIC_SIDE_GR4_ST5_LRR0_R1_SIDE_.png
2.1,20,3.0,11,2.1,20,3.0,11,SEA_SNAIL_ARCTIC_SIDE_GR5_ST5_LRR0_R1_SIDE_.png
1.6,15,3.1,11,1.6,15,3.1,11,SEA_SNAIL_ARCTIC_SIDE_GR0_ST0_LRR1_R1_SIDE_.png
1.7,15,3.1,11,1.7,15,3.1,11,SEA_SNAIL_ARCTIC_SIDE_GR1_ST0_LRR1_R1_SIDE_.png
1.8,15,3.1,11,1.8,15,3.1,11,SEA_SNAIL_ARCTIC_SIDE_GR2_ST0_LRR1_R1_SIDE_.png
1.9,15,3.1,11,1.9,15,3.1,11,SEA_SNAIL_ARCTIC_SIDE_GR3_ST0_LRR1_R1_SIDE_.png
2.0,15,3.1,11,2.0,15,3.1,11,SEA_SNAIL_ARCTIC_SIDE_GR4_ST0_LRR1_R1_SIDE_.png
2.1,15,3.1,11,2.1,15,3.1,11,SEA_SNAIL_ARCTIC_SIDE_GR5_ST0_LRR1_R1_SIDE_.png
1.6,16,3.1,11,1.6,16,3.1,11,SEA_SNAIL_ARCTIC_SIDE_GR0_ST1_LRR1_R1_SIDE_.png
1.7,16,3.1,11,1.7,16,3.1,11,SEA_SNAIL_ARCTIC_SIDE_GR1_ST1_LRR1_R1_SIDE_.png
1.8,16,3.1,11,1.8,16,3.1,11,SEA_SNAIL_ARCTIC_SIDE_GR2_ST1_LRR1_R1_SIDE_.png
1.9,16,3.1,11,1.9,16,3.1,11,SEA_SNAIL_ARCTIC_SIDE_GR3_ST1_LRR1_R1_SIDE_.png
2.0,16,3.1,11,2.0,16,3.1,11,SEA_SNAIL_ARCTIC_SIDE_GR4_ST1_LRR1_R1_SIDE_.png
2.1,16,3.1,11,2.1,16,3.1,11,SEA_SNAIL_ARCTIC_SIDE_GR5_ST1_LRR1_R1_SIDE_.png
1.6,17,3.1,11,1.6,17,3.1,11,SEA_SNAIL_ARCTIC_SIDE_GR0_ST2_LRR1_R1_SIDE_.png
1.7,17,3.1,11,1.7,17,3.1,11,SEA_SNAIL_ARCTIC_SIDE_GR1_ST2_LRR1_R1_SIDE_.png
1.8,17,3.1,11,1.8,17,3.1,11,SEA_SNAIL_ARCTIC_SIDE_GR2_ST2_LRR1_R1_SIDE_.png
1.9,17,3.1,11,1.9,17,3.1,11,SEA_SNAIL_ARCTIC_SIDE_GR3_ST2_LRR1_R1_SIDE_.png
2.0,17,3.1,11,2.0,17,3.1,11,SEA_SNAIL_ARCTIC_SIDE_GR4_ST2_LRR1_R1_SIDE_.png
2.1,17,3.1,11,2.1,17,3.1,11,SEA_SNAIL_ARCTIC_SIDE_GR5_ST2_LRR1_R1_SIDE_.png
1.6,18,3.1,11,1.6,18,3.1,11,SEA_SNAIL_ARCTIC_SIDE_GR0_ST3_LRR1_R1_SIDE_.png
1.7,18,3.1,11,1.7,18,3.1,11,SEA_SNAIL_ARCTIC_SIDE_GR1_ST3_LRR1_R1_SIDE_.png
1.8,18,3.1,11,1.8,18,3.1,11,SEA_SNAIL_ARCTIC_SIDE_GR2_ST3_LRR1_R1_SIDE_.png
1.9,18,3.1,11,1.9,18,3.1,11,SEA_SNAIL_ARCTIC_SIDE_GR3_ST3_LRR1_R1_SIDE_.png
2.0,18,3.1,11,2.0,18,3.1,11,SEA_SNAIL_ARCTIC_SIDE_GR4_ST3_LRR1_R1_SIDE_.png
2.1,18,3.1,11,2.1,18,3.1,11,SEA_SNAIL_ARCTIC_SIDE_GR5_ST3_LRR1_R1_SIDE_.png
1.6,19,3.1,11,1.6,19,3.1,11,SEA_SNAIL_ARCTIC_SIDE_GR0_ST4_LRR1_R1_SIDE_.png
1.7,19,3.1,11,1.7,19,3.1,11,SEA_SNAIL_ARCTIC_SIDE_GR1_ST4_LRR1_R1_SIDE_.png
1.8,19,3.1,11,1.8,19,3.1,11,SEA_SNAIL_ARCTIC_SIDE_GR2_ST4_LRR1_R1_SIDE_.png
1.9,19,3.1,11,1.9,19,3.1,11,SEA_SNAIL_ARCTIC_SIDE_GR3_ST4_LRR1_R1_SIDE_.png
2.0,19,3.1,11,2.0,19,3.1,11,SEA_SNAIL_ARCTIC_SIDE_GR4_ST4_LRR1_R1_SIDE_.png
2.1,19,3.1,11,2.1,19,3.1,11,SEA_SNAIL_ARCTIC_SIDE_GR5_ST4_LRR1_R1_SIDE_.png
1.6,20,3.1,11,1.6,20,3.1,11,SEA_SNAIL_ARCTIC_SIDE_GR0_ST5_LRR1_R1_SIDE_.png
1.7,20,3.1,11,1.7,20,3.1,11,SEA_SNAIL_ARCTIC_SIDE_GR1_ST5_LRR1_R1_SIDE_.png
1.8,20,3.1,11,1.8,20,3.1,11,SEA_SNAIL_ARCTIC_SIDE_GR2_ST5_LRR1_R1_SIDE_.png
1.9,20,3.1,11,1.9,20,3.1,11,SEA_SNAIL_ARCTIC_SIDE_GR3_ST5_LRR1_R1_SIDE_.png
2.0,20,3.1,11,2.0,20,3.1,11,SEA_SNAIL_ARCTIC_SIDE_GR4_ST5_LRR1_R1_SIDE_.png
2.1,20,3.1,11,2.1,20,3.1,11,SEA_SNAIL_ARCTIC_SIDE_GR5_ST5_LRR1_R1_SIDE_.png
1.6,15,3.2,11,1.6,15,3.2,11,SEA_SNAIL_ARCTIC_SIDE_GR0_ST0_LRR2_R1_SIDE_.png
1.7,15,3.2,11,1.7,15,3.2,11,SEA_SNAIL_ARCTIC_SIDE_GR1_ST0_LRR2_R1_SIDE_.png
1.8,15,3.2,11,1.8,15,3.2,11,SEA_SNAIL_ARCTIC_SIDE_GR2_ST0_LRR2_R1_SIDE_.png
1.9,15,3.2,11,1.9,15,3.2,11,SEA_SNAIL_ARCTIC_SIDE_GR3_ST0_LRR2_R1_SIDE_.png
2.0,15,3.2,11,2.0,15,3.2,11,SEA_SNAIL_ARCTIC_SIDE_GR4_ST0_LRR2_R1_SIDE_.png
2.1,15,3.2,11,2.1,15,3.2,11,SEA_SNAIL_ARCTIC_SIDE_GR5_ST0_LRR2_R1_SIDE_.png
1.6,16,3.2,11,1.6,16,3.2,11,SEA_SNAIL_ARCTIC_SIDE_GR0_ST1_LRR2_R1_SIDE_.png
1.7,16,3.2,11,1.7,16,3.2,11,SEA_SNAIL_ARCTIC_SIDE_GR1_ST1_LRR2_R1_SIDE_.png
1.8,16,3.2,11,1.8,16,3.2,11,SEA_SNAIL_ARCTIC_SIDE_GR2_ST1_LRR2_R1_SIDE_.png
1.9,16,3.2,11,1.9,16,3.2,11,SEA_SNAIL_ARCTIC_SIDE_GR3_ST1_LRR2_R1_SIDE_.png
2.0,16,3.2,11,2.0,16,3.2,11,SEA_SNAIL_ARCTIC_SIDE_GR4_ST1_LRR2_R1_SIDE_.png
2.1,16,3.2,11,2.1,16,3.2,11,SEA_SNAIL_ARCTIC_SIDE_GR5_ST1_LRR2_R1_SIDE_.png
1.6,17,3.2,11,1.6,17,3.2,11,SEA_SNAIL_ARCTIC_SIDE_GR0_ST2_LRR2_R1_SIDE_.png
1.7,17,3.2,11,1.7,17,3.2,11,SEA_SNAIL_ARCTIC_SIDE_GR1_ST2_LRR2_R1_SIDE_.png
1.8,17,3.2,11,1.8,17,3.2,11,SEA_SNAIL_ARCTIC_SIDE_GR2_ST2_LRR2_R1_SIDE_.png
1.9,17,3.2,11,1.9,17,3.2,11,SEA_SNAIL_ARCTIC_SIDE_GR3_ST2_LRR2_R1_SIDE_.png
2.0,17,3.2,11,2.0,17,3.2,11,SEA_SNAIL_ARCTIC_SIDE_GR4_ST2_LRR2_R1_SIDE_.png
2.1,17,3.2,11,2.1,17,3.2,11,SEA_SNAIL_ARCTIC_SIDE_GR5_ST2_LRR2_R1_SIDE_.png
1.6,18,3.2,11,1.6,18,3.2,11,SEA_SNAIL_ARCTIC_SIDE_GR0_ST3_LRR2_R1_SIDE_.png
1.7,18,3.2,11,1.7,18,3.2,11,SEA_SNAIL_ARCTIC_SIDE_GR1_ST3_LRR2_R1_SIDE_.png
1.8,18,3.2,11,1.8,18,3.2,11,SEA_SNAIL_ARCTIC_SIDE_GR2_ST3_LRR2_R1_SIDE_.png
1.9,18,3.2,11,1.9,18,3.2,11,SEA_SNAIL_ARCTIC_SIDE_GR3_ST3_LRR2_R1_SIDE_.png
2.0,18,3.2,11,2.0,18,3.2,11,SEA_SNAIL_ARCTIC_SIDE_GR4_ST3_LRR2_R1_SIDE_.png
2.1,18,3.2,11,2.1,18,3.2,11,SEA_SNAIL_ARCTIC_SIDE_GR5_ST3_LRR2_R1_SIDE_.png
1.6,19,3.2,11,1.6,19,3.2,11,SEA_SNAIL_ARCTIC_SIDE_GR0_ST4_LRR2_R1_SIDE_.png
1.7,19,3.2,11,1.7,19,3.2,11,SEA_SNAIL_ARCTIC_SIDE_GR1_ST4_LRR2_R1_SIDE_.png
1.8,19,3.2,11,1.8,19,3.2,11,SEA_SNAIL_ARCTIC_SIDE_GR2_ST4_LRR2_R1_SIDE_.png
1.9,19,3.2,11,1.9,19,3.2,11,SEA_SNAIL_ARCTIC_SIDE_GR3_ST4_LRR2_R1_SIDE_.png
2.0,19,3.2,11,2.0,19,3.2,11,SEA_SNAIL_ARCTIC_SIDE_GR4_ST4_LRR2_R1_SIDE_.png
2.1,19,3.2,11,2.1,19,3.2,11,SEA_SNAIL_ARCTIC_SIDE_GR5_ST4_LRR2_R1_SIDE_.png
1.6,20,3.2,11,1.6,20,3.2,11,SEA_SNAIL_ARCTIC_SIDE_GR0_ST5_LRR2_R1_SIDE_.png
1.7,20,3.2,11,1.7,20,3.2,11,SEA_SNAIL_ARCTIC_SIDE_GR1_ST5_LRR2_R1_SIDE_.png
1.8,20,3.2,11,1.8,20,3.2,11,SEA_SNAIL_ARCTIC_SIDE_GR2_ST5_LRR2_R1_SIDE_.png
1.9,20,3.2,11,1.9,20,3.2,11,SEA_SNAIL_ARCTIC_SIDE_GR3_ST5_LRR2_R1_SIDE_.png
2.0,20,3.2,11,2.0,20,3.2,11,SEA_SNAIL_ARCTIC_SIDE_GR4_ST5_LRR2_R1_SIDE_.png
2.1,20,3.2,11,2.1,20,3.2,11,SEA_SNAIL_ARCTIC_SIDE_GR5_ST5_LRR2_R1_SIDE_.png
1.6,15,3.3,11,1.6,15,3.3,11,SEA_SNAIL_ARCTIC_SIDE_GR0_ST0_LRR3_R1_SIDE_.png
1.7,15,3.3,11,1.7,15,3.3,11,SEA_SNAIL_ARCTIC_SIDE_GR1_ST0_LRR3_R1_SIDE_.png
1.8,15,3.3,11,1.8,15,3.3,11,SEA_SNAIL_ARCTIC_SIDE_GR2_ST0_LRR3_R1_SIDE_.png
1.9,15,3.3,11,1.9,15,3.3,11,SEA_SNAIL_ARCTIC_SIDE_GR3_ST0_LRR3_R1_SIDE_.png
2.0,15,3.3,11,2.0,15,3.3,11,SEA_SNAIL_ARCTIC_SIDE_GR4_ST0_LRR3_R1_SIDE_.png
2.1,15,3.3,11,2.1,15,3.3,11,SEA_SNAIL_ARCTIC_SIDE_GR5_ST0_LRR3_R1_SIDE_.png
1.6,16,3.3,11,1.6,16,3.3,11,SEA_SNAIL_ARCTIC_SIDE_GR0_ST1_LRR3_R1_SIDE_.png
1.7,16,3.3,11,1.7,16,3.3,11,SEA_SNAIL_ARCTIC_SIDE_GR1_ST1_LRR3_R1_SIDE_.png
1.8,16,3.3,11,1.8,16,3.3,11,SEA_SNAIL_ARCTIC_SIDE_GR2_ST1_LRR3_R1_SIDE_.png
1.9,16,3.3,11,1.9,16,3.3,11,SEA_SNAIL_ARCTIC_SIDE_GR3_ST1_LRR3_R1_SIDE_.png
2.0,16,3.3,11,2.0,16,3.3,11,SEA_SNAIL_ARCTIC_SIDE_GR4_ST1_LRR3_R1_SIDE_.png
2.1,16,3.3,11,2.1,16,3.3,11,SEA_SNAIL_ARCTIC_SIDE_GR5_ST1_LRR3_R1_SIDE_.png
1.6,17,3.3,11,1.6,17,3.3,11,SEA_SNAIL_ARCTIC_SIDE_GR0_ST2_LRR3_R1_SIDE_.png
1.7,17,3.3,11,1.7,17,3.3,11,SEA_SNAIL_ARCTIC_SIDE_GR1_ST2_LRR3_R1_SIDE_.png
1.8,17,3.3,11,1.8,17,3.3,11,SEA_SNAIL_ARCTIC_SIDE_GR2_ST2_LRR3_R1_SIDE_.png
1.9,17,3.3,11,1.9,17,3.3,11,SEA_SNAIL_ARCTIC_SIDE_GR3_ST2_LRR3_R1_SIDE_.png
2.0,17,3.3,11,2.0,17,3.3,11,SEA_SNAIL_ARCTIC_SIDE_GR4_ST2_LRR3_R1_SIDE_.png
2.1,17,3.3,11,2.1,17,3.3,11,SEA_SNAIL_ARCTIC_SIDE_GR5_ST2_LRR3_R1_SIDE_.png
1.6,18,3.3,11,1.6,18,3.3,11,SEA_SNAIL_ARCTIC_SIDE_GR0_ST3_LRR3_R1_SIDE_.png
1.7,18,3.3,11,1.7,18,3.3,11,SEA_SNAIL_ARCTIC_SIDE_GR1_ST3_LRR3_R1_SIDE_.png
1.8,18,3.3,11,1.8,18,3.3,11,SEA_SNAIL_ARCTIC_SIDE_GR2_ST3_LRR3_R1_SIDE_.png
1.9,18,3.3,11,1.9,18,3.3,11,SEA_SNAIL_ARCTIC_SIDE_GR3_ST3_LRR3_R1_SIDE_.png
2.0,18,3.3,11,2.0,18,3.3,11,SEA_SNAIL_ARCTIC_SIDE_GR4_ST3_LRR3_R1_SIDE_.png
2.1,18,3.3,11,2.1,18,3.3,11,SEA_SNAIL_ARCTIC_SIDE_GR5_ST3_LRR3_R1_SIDE_.png
1.6,19,3.3,11,1.6,19,3.3,11,SEA_SNAIL_ARCTIC_SIDE_GR0_ST4_LRR3_R1_SIDE_.png
1.7,19,3.3,11,1.7,19,3.3,11,SEA_SNAIL_ARCTIC_SIDE_GR1_ST4_LRR3_R1_SIDE_.png
1.8,19,3.3,11,1.8,19,3.3,11,SEA_SNAIL_ARCTIC_SIDE_GR2_ST4_LRR3_R1_SIDE_.png
1.9,19,3.3,11,1.9,19,3.3,11,SEA_SNAIL_ARCTIC_SIDE_GR3_ST4_LRR3_R1_SIDE_.png
2.0,19,3.3,11,2.0,19,3.3,11,SEA_SNAIL_ARCTIC_SIDE_GR4_ST4_LRR3_R1_SIDE_.png
2.1,19,3.3,11,2.1,19,3.3,11,SEA_SNAIL_ARCTIC_SIDE_GR5_ST4_LRR3_R1_SIDE_.png
1.6,20,3.3,11,1.6,20,3.3,11,SEA_SNAIL_ARCTIC_SIDE_GR0_ST5_LRR3_R1_SIDE_.png
1.7,20,3.3,11,1.7,20,3.3,11,SEA_SNAIL_ARCTIC_SIDE_GR1_ST5_LRR3_R1_SIDE_.png
1.8,20,3.3,11,1.8,20,3.3,11,SEA_SNAIL_ARCTIC_SIDE_GR2_ST5_LRR3_R1_SIDE_.png
1.9,20,3.3,11,1.9,20,3.3,11,SEA_SNAIL_ARCTIC_SIDE_GR3_ST5_LRR3_R1_SIDE_.png
2.0,20,3.3,11,2.0,20,3.3,11,SEA_SNAIL_ARCTIC_SIDE_GR4_ST5_LRR3_R1_SIDE_.png
2.1,20,3.3,11,2.1,20,3.3,11,SEA_SNAIL_ARCTIC_SIDE_GR5_ST5_LRR3_R1_SIDE_.png
1.6,15,3.4,11,1.6,15,3.4,11,SEA_SNAIL_ARCTIC_SIDE_GR0_ST0_LRR4_R1_SIDE_.png
1.7,15,3.4,11,1.7,15,3.4,11,SEA_SNAIL_ARCTIC_SIDE_GR1_ST0_LRR4_R1_SIDE_.png
1.8,15,3.4,11,1.8,15,3.4,11,SEA_SNAIL_ARCTIC_SIDE_GR2_ST0_LRR4_R1_SIDE_.png
1.9,15,3.4,11,1.9,15,3.4,11,SEA_SNAIL_ARCTIC_SIDE_GR3_ST0_LRR4_R1_SIDE_.png
2.0,15,3.4,11,2.0,15,3.4,11,SEA_SNAIL_ARCTIC_SIDE_GR4_ST0_LRR4_R1_SIDE_.png
2.1,15,3.4,11,2.1,15,3.4,11,SEA_SNAIL_ARCTIC_SIDE_GR5_ST0_LRR4_R1_SIDE_.png
1.6,16,3.4,11,1.6,16,3.4,11,SEA_SNAIL_ARCTIC_SIDE_GR0_ST1_LRR4_R1_SIDE_.png
1.7,16,3.4,11,1.7,16,3.4,11,SEA_SNAIL_ARCTIC_SIDE_GR1_ST1_LRR4_R1_SIDE_.png
1.8,16,3.4,11,1.8,16,3.4,11,SEA_SNAIL_ARCTIC_SIDE_GR2_ST1_LRR4_R1_SIDE_.png
1.9,16,3.4,11,1.9,16,3.4,11,SEA_SNAIL_ARCTIC_SIDE_GR3_ST1_LRR4_R1_SIDE_.png
2.0,16,3.4,11,2.0,16,3.4,11,SEA_SNAIL_ARCTIC_SIDE_GR4_ST1_LRR4_R1_SIDE_.png
2.1,16,3.4,11,2.1,16,3.4,11,SEA_SNAIL_ARCTIC_SIDE_GR5_ST1_LRR4_R1_SIDE_.png
1.6,17,3.4,11,1.6,17,3.4,11,SEA_SNAIL_ARCTIC_SIDE_GR0_ST2_LRR4_R1_SIDE_.png
1.7,17,3.4,11,1.7,17,3.4,11,SEA_SNAIL_ARCTIC_SIDE_GR1_ST2_LRR4_R1_SIDE_.png
1.8,17,3.4,11,1.8,17,3.4,11,SEA_SNAIL_ARCTIC_SIDE_GR2_ST2_LRR4_R1_SIDE_.png
1.9,17,3.4,11,1.9,17,3.4,11,SEA_SNAIL_ARCTIC_SIDE_GR3_ST2_LRR4_R1_SIDE_.png
2.0,17,3.4,11,2.0,17,3.4,11,SEA_SNAIL_ARCTIC_SIDE_GR4_ST2_LRR4_R1_SIDE_.png
2.1,17,3.4,11,2.1,17,3.4,11,SEA_SNAIL_ARCTIC_SIDE_GR5_ST2_LRR4_R1_SIDE_.png
1.6,18,3.4,11,1.6,18,3.4,11,SEA_SNAIL_ARCTIC_SIDE_GR0_ST3_LRR4_R1_SIDE_.png
1.7,18,3.4,11,1.7,18,3.4,11,SEA_SNAIL_ARCTIC_SIDE_GR1_ST3_LRR4_R1_SIDE_.png
1.8,18,3.4,11,1.8,18,3.4,11,SEA_SNAIL_ARCTIC_SIDE_GR2_ST3_LRR4_R1_SIDE_.png
1.9,18,3.4,11,1.9,18,3.4,11,SEA_SNAIL_ARCTIC_SIDE_GR3_ST3_LRR4_R1_SIDE_.png
2.0,18,3.4,11,2.0,18,3.4,11,SEA_SNAIL_ARCTIC_SIDE_GR4_ST3_LRR4_R1_SIDE_.png
2.1,18,3.4,11,2.1,18,3.4,11,SEA_SNAIL_ARCTIC_SIDE_GR5_ST3_LRR4_R1_SIDE_.png
1.6,19,3.4,11,1.6,19,3.4,11,SEA_SNAIL_ARCTIC_SIDE_GR0_ST4_LRR4_R1_SIDE_.png
1.7,19,3.4,11,1.7,19,3.4,11,SEA_SNAIL_ARCTIC_SIDE_GR1_ST4_LRR4_R1_SIDE_.png
1.8,19,3.4,11,1.8,19,3.4,11,SEA_SNAIL_ARCTIC_SIDE_GR2_ST4_LRR4_R1_SIDE_.png
1.9,19,3.4,11,1.9,19,3.4,11,SEA_SNAIL_ARCTIC_SIDE_GR3_ST4_LRR4_R1_SIDE_.png
2.0,19,3.4,11,2.0,19,3.4,11,SEA_SNAIL_ARCTIC_SIDE_GR4_ST4_LRR4_R1_SIDE_.png
2.1,19,3.4,11,2.1,19,3.4,11,SEA_SNAIL_ARCTIC_SIDE_GR5_ST4_LRR4_R1_SIDE_.png
1.6,20,3.4,11,1.6,20,3.4,11,SEA_SNAIL_ARCTIC_SIDE_GR0_ST5_LRR4_R1_SIDE_.png
1.7,20,3.4,11,1.7,20,3.4,11,SEA_SNAIL_ARCTIC_SIDE_GR1_ST5_LRR4_R1_SIDE_.png
1.8,20,3.4,11,1.8,20,3.4,11,SEA_SNAIL_ARCTIC_SIDE_GR2_ST5_LRR4_R1_SIDE_.png
1.9,20,3.4,11,1.9,20,3.4,11,SEA_SNAIL_ARCTIC_SIDE_GR3_ST5_LRR4_R1_SIDE_.png
2.0,20,3.4,11,2.0,20,3.4,11,SEA_SNAIL_ARCTIC_SIDE_GR4_ST5_LRR4_R1_SIDE_.png
2.1,20,3.4,11,2.1,20,3.4,11,SEA_SNAIL_ARCTIC_SIDE_GR5_ST5_LRR4_R1_SIDE_.png
1.6,15,3.5,11,1.6,15,3.5,11,SEA_SNAIL_ARCTIC_SIDE_GR0_ST0_LRR5_R1_SIDE_.png
1.7,15,3.5,11,1.7,15,3.5,11,SEA_SNAIL_ARCTIC_SIDE_GR1_ST0_LRR5_R1_SIDE_.png
1.8,15,3.5,11,1.8,15,3.5,11,SEA_SNAIL_ARCTIC_SIDE_GR2_ST0_LRR5_R1_SIDE_.png
1.9,15,3.5,11,1.9,15,3.5,11,SEA_SNAIL_ARCTIC_SIDE_GR3_ST0_LRR5_R1_SIDE_.png
2.0,15,3.5,11,2.0,15,3.5,11,SEA_SNAIL_ARCTIC_SIDE_GR4_ST0_LRR5_R1_SIDE_.png
2.1,15,3.5,11,2.1,15,3.5,11,SEA_SNAIL_ARCTIC_SIDE_GR5_ST0_LRR5_R1_SIDE_.png
1.6,16,3.5,11,1.6,16,3.5,11,SEA_SNAIL_ARCTIC_SIDE_GR0_ST1_LRR5_R1_SIDE_.png
1.7,16,3.5,11,1.7,16,3.5,11,SEA_SNAIL_ARCTIC_SIDE_GR1_ST1_LRR5_R1_SIDE_.png
1.8,16,3.5,11,1.8,16,3.5,11,SEA_SNAIL_ARCTIC_SIDE_GR2_ST1_LRR5_R1_SIDE_.png
1.9,16,3.5,11,1.9,16,3.5,11,SEA_SNAIL_ARCTIC_SIDE_GR3_ST1_LRR5_R1_SIDE_.png
2.0,16,3.5,11,2.0,16,3.5,11,SEA_SNAIL_ARCTIC_SIDE_GR4_ST1_LRR5_R1_SIDE_.png
2.1,16,3.5,11,2.1,16,3.5,11,SEA_SNAIL_ARCTIC_SIDE_GR5_ST1_LRR5_R1_SIDE_.png
1.6,17,3.5,11,1.6,17,3.5,11,SEA_SNAIL_ARCTIC_SIDE_GR0_ST2_LRR5_R1_SIDE_.png
1.7,17,3.5,11,1.7,17,3.5,11,SEA_SNAIL_ARCTIC_SIDE_GR1_ST2_LRR5_R1_SIDE_.png
1.8,17,3.5,11,1.8,17,3.5,11,SEA_SNAIL_ARCTIC_SIDE_GR2_ST2_LRR5_R1_SIDE_.png
1.9,17,3.5,11,1.9,17,3.5,11,SEA_SNAIL_ARCTIC_SIDE_GR3_ST2_LRR5_R1_SIDE_.png
2.0,17,3.5,11,2.0,17,3.5,11,SEA_SNAIL_ARCTIC_SIDE_GR4_ST2_LRR5_R1_SIDE_.png
2.1,17,3.5,11,2.1,17,3.5,11,SEA_SNAIL_ARCTIC_SIDE_GR5_ST2_LRR5_R1_SIDE_.png
1.6,18,3.5,11,1.6,18,3.5,11,SEA_SNAIL_ARCTIC_SIDE_GR0_ST3_LRR5_R1_SIDE_.png
1.7,18,3.5,11,1.7,18,3.5,11,SEA_SNAIL_ARCTIC_SIDE_GR1_ST3_LRR5_R1_SIDE_.png
1.8,18,3.5,11,1.8,18,3.5,11,SEA_SNAIL_ARCTIC_SIDE_GR2_ST3_LRR5_R1_SIDE_.png
1.9,18,3.5,11,1.9,18,3.5,11,SEA_SNAIL_ARCTIC_SIDE_GR3_ST3_LRR5_R1_SIDE_.png
2.0,18,3.5,11,2.0,18,3.5,11,SEA_SNAIL_ARCTIC_SIDE_GR4_ST3_LRR5_R1_SIDE_.png
2.1,18,3.5,11,2.1,18,3.5,11,SEA_SNAIL_ARCTIC_SIDE_GR5_ST3_LRR5_R1_SIDE_.png
1.6,19,3.5,11,1.6,19,3.5,11,SEA_SNAIL_ARCTIC_SIDE_GR0_ST4_LRR5_R1_SIDE_.png
1.7,19,3.5,11,1.7,19,3.5,11,SEA_SNAIL_ARCTIC_SIDE_GR1_ST4_LRR5_R1_SIDE_.png
1.8,19,3.5,11,1.8,19,3.5,11,SEA_SNAIL_ARCTIC_SIDE_GR2_ST4_LRR5_R1_SIDE_.png
1.9,19,3.5,11,1.9,19,3.5,11,SEA_SNAIL_ARCTIC_SIDE_GR3_ST4_LRR5_R1_SIDE_.png
2.0,19,3.5,11,2.0,19,3.5,11,SEA_SNAIL_ARCTIC_SIDE_GR4_ST4_LRR5_R1_SIDE_.png
2.1,19,3.5,11,2.1,19,3.5,11,SEA_SNAIL_ARCTIC_SIDE_GR5_ST4_LRR5_R1_SIDE_.png
1.6,20,3.5,11,1.6,20,3.5,11,SEA_SNAIL_ARCTIC_SIDE_GR0_ST5_LRR5_R1_SIDE_.png
1.7,20,3.5,11,1.7,20,3.5,11,SEA_SNAIL_ARCTIC_SIDE_GR1_ST5_LRR5_R1_SIDE_.png
1.8,20,3.5,11,1.8,20,3.5,11,SEA_SNAIL_ARCTIC_SIDE_GR2_ST5_LRR5_R1_SIDE_.png
1.9,20,3.5,11,1.9,20,3.5,11,SEA_SNAIL_ARCTIC_SIDE_GR3_ST5_LRR5_R1_SIDE_.png
2.0,20,3.5,11,2.0,20,3.5,11,SEA_SNAIL_ARCTIC_SIDE_GR4_ST5_LRR5_R1_SIDE_.png
2.1,20,3.5,11,2.1,20,3.5,11,SEA_SNAIL_ARCTIC_SIDE_GR5_ST5_LRR5_R1_SIDE_.png
1.6,15,3.0,12,1.6,15,3.0,12,SEA_SNAIL_ARCTIC_SIDE_GR0_ST0_LRR0_R2_SIDE_.png
1.7,15,3.0,12,1.7,15,3.0,12,SEA_SNAIL_ARCTIC_SIDE_GR1_ST0_LRR0_R2_SIDE_.png
1.8,15,3.0,12,1.8,15,3.0,12,SEA_SNAIL_ARCTIC_SIDE_GR2_ST0_LRR0_R2_SIDE_.png
1.9,15,3.0,12,1.9,15,3.0,12,SEA_SNAIL_ARCTIC_SIDE_GR3_ST0_LRR0_R2_SIDE_.png
2.0,15,3.0,12,2.0,15,3.0,12,SEA_SNAIL_ARCTIC_SIDE_GR4_ST0_LRR0_R2_SIDE_.png
2.1,15,3.0,12,2.1,15,3.0,12,SEA_SNAIL_ARCTIC_SIDE_GR5_ST0_LRR0_R2_SIDE_.png
1.6,16,3.0,12,1.6,16,3.0,12,SEA_SNAIL_ARCTIC_SIDE_GR0_ST1_LRR0_R2_SIDE_.png
1.7,16,3.0,12,1.7,16,3.0,12,SEA_SNAIL_ARCTIC_SIDE_GR1_ST1_LRR0_R2_SIDE_.png
1.8,16,3.0,12,1.8,16,3.0,12,SEA_SNAIL_ARCTIC_SIDE_GR2_ST1_LRR0_R2_SIDE_.png
1.9,16,3.0,12,1.9,16,3.0,12,SEA_SNAIL_ARCTIC_SIDE_GR3_ST1_LRR0_R2_SIDE_.png
2.0,16,3.0,12,2.0,16,3.0,12,SEA_SNAIL_ARCTIC_SIDE_GR4_ST1_LRR0_R2_SIDE_.png
2.1,16,3.0,12,2.1,16,3.0,12,SEA_SNAIL_ARCTIC_SIDE_GR5_ST1_LRR0_R2_SIDE_.png
1.6,17,3.0,12,1.6,17,3.0,12,SEA_SNAIL_ARCTIC_SIDE_GR0_ST2_LRR0_R2_SIDE_.png
1.7,17,3.0,12,1.7,17,3.0,12,SEA_SNAIL_ARCTIC_SIDE_GR1_ST2_LRR0_R2_SIDE_.png
1.8,17,3.0,12,1.8,17,3.0,12,SEA_SNAIL_ARCTIC_SIDE_GR2_ST2_LRR0_R2_SIDE_.png
1.9,17,3.0,12,1.9,17,3.0,12,SEA_SNAIL_ARCTIC_SIDE_GR3_ST2_LRR0_R2_SIDE_.png
2.0,17,3.0,12,2.0,17,3.0,12,SEA_SNAIL_ARCTIC_SIDE_GR4_ST2_LRR0_R2_SIDE_.png
2.1,17,3.0,12,2.1,17,3.0,12,SEA_SNAIL_ARCTIC_SIDE_GR5_ST2_LRR0_R2_SIDE_.png
1.6,18,3.0,12,1.6,18,3.0,12,SEA_SNAIL_ARCTIC_SIDE_GR0_ST3_LRR0_R2_SIDE_.png
1.7,18,3.0,12,1.7,18,3.0,12,SEA_SNAIL_ARCTIC_SIDE_GR1_ST3_LRR0_R2_SIDE_.png
1.8,18,3.0,12,1.8,18,3.0,12,SEA_SNAIL_ARCTIC_SIDE_GR2_ST3_LRR0_R2_SIDE_.png
1.9,18,3.0,12,1.9,18,3.0,12,SEA_SNAIL_ARCTIC_SIDE_GR3_ST3_LRR0_R2_SIDE_.png
2.0,18,3.0,12,2.0,18,3.0,12,SEA_SNAIL_ARCTIC_SIDE_GR4_ST3_LRR0_R2_SIDE_.png
2.1,18,3.0,12,2.1,18,3.0,12,SEA_SNAIL_ARCTIC_SIDE_GR5_ST3_LRR0_R2_SIDE_.png
1.6,19,3.0,12,1.6,19,3.0,12,SEA_SNAIL_ARCTIC_SIDE_GR0_ST4_LRR0_R2_SIDE_.png
1.7,19,3.0,12,1.7,19,3.0,12,SEA_SNAIL_ARCTIC_SIDE_GR1_ST4_LRR0_R2_SIDE_.png
1.8,19,3.0,12,1.8,19,3.0,12,SEA_SNAIL_ARCTIC_SIDE_GR2_ST4_LRR0_R2_SIDE_.png
1.9,19,3.0,12,1.9,19,3.0,12,SEA_SNAIL_ARCTIC_SIDE_GR3_ST4_LRR0_R2_SIDE_.png
2.0,19,3.0,12,2.0,19,3.0,12,SEA_SNAIL_ARCTIC_SIDE_GR4_ST4_LRR0_R2_SIDE_.png
2.1,19,3.0,12,2.1,19,3.0,12,SEA_SNAIL_ARCTIC_SIDE_GR5_ST4_LRR0_R2_SIDE_.png
1.6,20,3.0,12,1.6,20,3.0,12,SEA_SNAIL_ARCTIC_SIDE_GR0_ST5_LRR0_R2_SIDE_.png
1.7,20,3.0,12,1.7,20,3.0,12,SEA_SNAIL_ARCTIC_SIDE_GR1_ST5_LRR0_R2_SIDE_.png
1.8,20,3.0,12,1.8,20,3.0,12,SEA_SNAIL_ARCTIC_SIDE_GR2_ST5_LRR0_R2_SIDE_.png
1.9,20,3.0,12,1.9,20,3.0,12,SEA_SNAIL_ARCTIC_SIDE_GR3_ST5_LRR0_R2_SIDE_.png
2.0,20,3.0,12,2.0,20,3.0,12,SEA_SNAIL_ARCTIC_SIDE_GR4_ST5_LRR0_R2_SIDE_.png
2.1,20,3.0,12,2.1,20,3.0,12,SEA_SNAIL_ARCTIC_SIDE_GR5_ST5_LRR0_R2_SIDE_.png
1.6,15,3.1,12,1.6,15,3.1,12,SEA_SNAIL_ARCTIC_SIDE_GR0_ST0_LRR1_R2_SIDE_.png
1.7,15,3.1,12,1.7,15,3.1,12,SEA_SNAIL_ARCTIC_SIDE_GR1_ST0_LRR1_R2_SIDE_.png
1.8,15,3.1,12,1.8,15,3.1,12,SEA_SNAIL_ARCTIC_SIDE_GR2_ST0_LRR1_R2_SIDE_.png
1.9,15,3.1,12,1.9,15,3.1,12,SEA_SNAIL_ARCTIC_SIDE_GR3_ST0_LRR1_R2_SIDE_.png
2.0,15,3.1,12,2.0,15,3.1,12,SEA_SNAIL_ARCTIC_SIDE_GR4_ST0_LRR1_R2_SIDE_.png
2.1,15,3.1,12,2.1,15,3.1,12,SEA_SNAIL_ARCTIC_SIDE_GR5_ST0_LRR1_R2_SIDE_.png
1.6,16,3.1,12,1.6,16,3.1,12,SEA_SNAIL_ARCTIC_SIDE_GR0_ST1_LRR1_R2_SIDE_.png
1.7,16,3.1,12,1.7,16,3.1,12,SEA_SNAIL_ARCTIC_SIDE_GR1_ST1_LRR1_R2_SIDE_.png
1.8,16,3.1,12,1.8,16,3.1,12,SEA_SNAIL_ARCTIC_SIDE_GR2_ST1_LRR1_R2_SIDE_.png
1.9,16,3.1,12,1.9,16,3.1,12,SEA_SNAIL_ARCTIC_SIDE_GR3_ST1_LRR1_R2_SIDE_.png
2.0,16,3.1,12,2.0,16,3.1,12,SEA_SNAIL_ARCTIC_SIDE_GR4_ST1_LRR1_R2_SIDE_.png
2.1,16,3.1,12,2.1,16,3.1,12,SEA_SNAIL_ARCTIC_SIDE_GR5_ST1_LRR1_R2_SIDE_.png
1.6,17,3.1,12,1.6,17,3.1,12,SEA_SNAIL_ARCTIC_SIDE_GR0_ST2_LRR1_R2_SIDE_.png
1.7,17,3.1,12,1.7,17,3.1,12,SEA_SNAIL_ARCTIC_SIDE_GR1_ST2_LRR1_R2_SIDE_.png
1.8,17,3.1,12,1.8,17,3.1,12,SEA_SNAIL_ARCTIC_SIDE_GR2_ST2_LRR1_R2_SIDE_.png
1.9,17,3.1,12,1.9,17,3.1,12,SEA_SNAIL_ARCTIC_SIDE_GR3_ST2_LRR1_R2_SIDE_.png
2.0,17,3.1,12,2.0,17,3.1,12,SEA_SNAIL_ARCTIC_SIDE_GR4_ST2_LRR1_R2_SIDE_.png
2.1,17,3.1,12,2.1,17,3.1,12,SEA_SNAIL_ARCTIC_SIDE_GR5_ST2_LRR1_R2_SIDE_.png
1.6,18,3.1,12,1.6,18,3.1,12,SEA_SNAIL_ARCTIC_SIDE_GR0_ST3_LRR1_R2_SIDE_.png
1.7,18,3.1,12,1.7,18,3.1,12,SEA_SNAIL_ARCTIC_SIDE_GR1_ST3_LRR1_R2_SIDE_.png
1.8,18,3.1,12,1.8,18,3.1,12,SEA_SNAIL_ARCTIC_SIDE_GR2_ST3_LRR1_R2_SIDE_.png
1.9,18,3.1,12,1.9,18,3.1,12,SEA_SNAIL_ARCTIC_SIDE_GR3_ST3_LRR1_R2_SIDE_.png
2.0,18,3.1,12,2.0,18,3.1,12,SEA_SNAIL_ARCTIC_SIDE_GR4_ST3_LRR1_R2_SIDE_.png
2.1,18,3.1,12,2.1,18,3.1,12,SEA_SNAIL_ARCTIC_SIDE_GR5_ST3_LRR1_R2_SIDE_.png
1.6,19,3.1,12,1.6,19,3.1,12,SEA_SNAIL_ARCTIC_SIDE_GR0_ST4_LRR1_R2_SIDE_.png
1.7,19,3.1,12,1.7,19,3.1,12,SEA_SNAIL_ARCTIC_SIDE_GR1_ST4_LRR1_R2_SIDE_.png
1.8,19,3.1,12,1.8,19,3.1,12,SEA_SNAIL_ARCTIC_SIDE_GR2_ST4_LRR1_R2_SIDE_.png
1.9,19,3.1,12,1.9,19,3.1,12,SEA_SNAIL_ARCTIC_SIDE_GR3_ST4_LRR1_R2_SIDE_.png
2.0,19,3.1,12,2.0,19,3.1,12,SEA_SNAIL_ARCTIC_SIDE_GR4_ST4_LRR1_R2_SIDE_.png
2.1,19,3.1,12,2.1,19,3.1,12,SEA_SNAIL_ARCTIC_SIDE_GR5_ST4_LRR1_R2_SIDE_.png
1.6,20,3.1,12,1.6,20,3.1,12,SEA_SNAIL_ARCTIC_SIDE_GR0_ST5_LRR1_R2_SIDE_.png
1.7,20,3.1,12,1.7,20,3.1,12,SEA_SNAIL_ARCTIC_SIDE_GR1_ST5_LRR1_R2_SIDE_.png
1.8,20,3.1,12,1.8,20,3.1,12,SEA_SNAIL_ARCTIC_SIDE_GR2_ST5_LRR1_R2_SIDE_.png
1.9,20,3.1,12,1.9,20,3.1,12,SEA_SNAIL_ARCTIC_SIDE_GR3_ST5_LRR1_R2_SIDE_.png
2.0,20,3.1,12,2.0,20,3.1,12,SEA_SNAIL_ARCTIC_SIDE_GR4_ST5_LRR1_R2_SIDE_.png
2.1,20,3.1,12,2.1,20,3.1,12,SEA_SNAIL_ARCTIC_SIDE_GR5_ST5_LRR1_R2_SIDE_.png
1.6,15,3.2,12,1.6,15,3.2,12,SEA_SNAIL_ARCTIC_SIDE_GR0_ST0_LRR2_R2_SIDE_.png
1.7,15,3.2,12,1.7,15,3.2,12,SEA_SNAIL_ARCTIC_SIDE_GR1_ST0_LRR2_R2_SIDE_.png
1.8,15,3.2,12,1.8,15,3.2,12,SEA_SNAIL_ARCTIC_SIDE_GR2_ST0_LRR2_R2_SIDE_.png
1.9,15,3.2,12,1.9,15,3.2,12,SEA_SNAIL_ARCTIC_SIDE_GR3_ST0_LRR2_R2_SIDE_.png
2.0,15,3.2,12,2.0,15,3.2,12,SEA_SNAIL_ARCTIC_SIDE_GR4_ST0_LRR2_R2_SIDE_.png
2.1,15,3.2,12,2.1,15,3.2,12,SEA_SNAIL_ARCTIC_SIDE_GR5_ST0_LRR2_R2_SIDE_.png
1.6,16,3.2,12,1.6,16,3.2,12,SEA_SNAIL_ARCTIC_SIDE_GR0_ST1_LRR2_R2_SIDE_.png
1.7,16,3.2,12,1.7,16,3.2,12,SEA_SNAIL_ARCTIC_SIDE_GR1_ST1_LRR2_R2_SIDE_.png
1.8,16,3.2,12,1.8,16,3.2,12,SEA_SNAIL_ARCTIC_SIDE_GR2_ST1_LRR2_R2_SIDE_.png
1.9,16,3.2,12,1.9,16,3.2,12,SEA_SNAIL_ARCTIC_SIDE_GR3_ST1_LRR2_R2_SIDE_.png
2.0,16,3.2,12,2.0,16,3.2,12,SEA_SNAIL_ARCTIC_SIDE_GR4_ST1_LRR2_R2_SIDE_.png
2.1,16,3.2,12,2.1,16,3.2,12,SEA_SNAIL_ARCTIC_SIDE_GR5_ST1_LRR2_R2_SIDE_.png
1.6,17,3.2,12,1.6,17,3.2,12,SEA_SNAIL_ARCTIC_SIDE_GR0_ST2_LRR2_R2_SIDE_.png
1.7,17,3.2,12,1.7,17,3.2,12,SEA_SNAIL_ARCTIC_SIDE_GR1_ST2_LRR2_R2_SIDE_.png
1.8,17,3.2,12,1.8,17,3.2,12,SEA_SNAIL_ARCTIC_SIDE_GR2_ST2_LRR2_R2_SIDE_.png
1.9,17,3.2,12,1.9,17,3.2,12,SEA_SNAIL_ARCTIC_SIDE_GR3_ST2_LRR2_R2_SIDE_.png
2.0,17,3.2,12,2.0,17,3.2,12,SEA_SNAIL_ARCTIC_SIDE_GR4_ST2_LRR2_R2_SIDE_.png
2.1,17,3.2,12,2.1,17,3.2,12,SEA_SNAIL_ARCTIC_SIDE_GR5_ST2_LRR2_R2_SIDE_.png
1.6,18,3.2,12,1.6,18,3.2,12,SEA_SNAIL_ARCTIC_SIDE_GR0_ST3_LRR2_R2_SIDE_.png
1.7,18,3.2,12,1.7,18,3.2,12,SEA_SNAIL_ARCTIC_SIDE_GR1_ST3_LRR2_R2_SIDE_.png
1.8,18,3.2,12,1.8,18,3.2,12,SEA_SNAIL_ARCTIC_SIDE_GR2_ST3_LRR2_R2_SIDE_.png
1.9,18,3.2,12,1.9,18,3.2,12,SEA_SNAIL_ARCTIC_SIDE_GR3_ST3_LRR2_R2_SIDE_.png
2.0,18,3.2,12,2.0,18,3.2,12,SEA_SNAIL_ARCTIC_SIDE_GR4_ST3_LRR2_R2_SIDE_.png
2.1,18,3.2,12,2.1,18,3.2,12,SEA_SNAIL_ARCTIC_SIDE_GR5_ST3_LRR2_R2_SIDE_.png
1.6,19,3.2,12,1.6,19,3.2,12,SEA_SNAIL_ARCTIC_SIDE_GR0_ST4_LRR2_R2_SIDE_.png
1.7,19,3.2,12,1.7,19,3.2,12,SEA_SNAIL_ARCTIC_SIDE_GR1_ST4_LRR2_R2_SIDE_.png
1.8,19,3.2,12,1.8,19,3.2,12,SEA_SNAIL_ARCTIC_SIDE_GR2_ST4_LRR2_R2_SIDE_.png
1.9,19,3.2,12,1.9,19,3.2,12,SEA_SNAIL_ARCTIC_SIDE_GR3_ST4_LRR2_R2_SIDE_.png
2.0,19,3.2,12,2.0,19,3.2,12,SEA_SNAIL_ARCTIC_SIDE_GR4_ST4_LRR2_R2_SIDE_.png
2.1,19,3.2,12,2.1,19,3.2,12,SEA_SNAIL_ARCTIC_SIDE_GR5_ST4_LRR2_R2_SIDE_.png
1.6,20,3.2,12,1.6,20,3.2,12,SEA_SNAIL_ARCTIC_SIDE_GR0_ST5_LRR2_R2_SIDE_.png
1.7,20,3.2,12,1.7,20,3.2,12,SEA_SNAIL_ARCTIC_SIDE_GR1_ST5_LRR2_R2_SIDE_.png
1.8,20,3.2,12,1.8,20,3.2,12,SEA_SNAIL_ARCTIC_SIDE_GR2_ST5_LRR2_R2_SIDE_.png
1.9,20,3.2,12,1.9,20,3.2,12,SEA_SNAIL_ARCTIC_SIDE_GR3_ST5_LRR2_R2_SIDE_.png
2.0,20,3.2,12,2.0,20,3.2,12,SEA_SNAIL_ARCTIC_SIDE_GR4_ST5_LRR2_R2_SIDE_.png
2.1,20,3.2,12,2.1,20,3.2,12,SEA_SNAIL_ARCTIC_SIDE_GR5_ST5_LRR2_R2_SIDE_.png
1.6,15,3.3,12,1.6,15,3.3,12,SEA_SNAIL_ARCTIC_SIDE_GR0_ST0_LRR3_R2_SIDE_.png
1.7,15,3.3,12,1.7,15,3.3,12,SEA_SNAIL_ARCTIC_SIDE_GR1_ST0_LRR3_R2_SIDE_.png
1.8,15,3.3,12,1.8,15,3.3,12,SEA_SNAIL_ARCTIC_SIDE_GR2_ST0_LRR3_R2_SIDE_.png
1.9,15,3.3,12,1.9,15,3.3,12,SEA_SNAIL_ARCTIC_SIDE_GR3_ST0_LRR3_R2_SIDE_.png
2.0,15,3.3,12,2.0,15,3.3,12,SEA_SNAIL_ARCTIC_SIDE_GR4_ST0_LRR3_R2_SIDE_.png
2.1,15,3.3,12,2.1,15,3.3,12,SEA_SNAIL_ARCTIC_SIDE_GR5_ST0_LRR3_R2_SIDE_.png
1.6,16,3.3,12,1.6,16,3.3,12,SEA_SNAIL_ARCTIC_SIDE_GR0_ST1_LRR3_R2_SIDE_.png
1.7,16,3.3,12,1.7,16,3.3,12,SEA_SNAIL_ARCTIC_SIDE_GR1_ST1_LRR3_R2_SIDE_.png
1.8,16,3.3,12,1.8,16,3.3,12,SEA_SNAIL_ARCTIC_SIDE_GR2_ST1_LRR3_R2_SIDE_.png
1.9,16,3.3,12,1.9,16,3.3,12,SEA_SNAIL_ARCTIC_SIDE_GR3_ST1_LRR3_R2_SIDE_.png
2.0,16,3.3,12,2.0,16,3.3,12,SEA_SNAIL_ARCTIC_SIDE_GR4_ST1_LRR3_R2_SIDE_.png
2.1,16,3.3,12,2.1,16,3.3,12,SEA_SNAIL_ARCTIC_SIDE_GR5_ST1_LRR3_R2_SIDE_.png
1.6,17,3.3,12,1.6,17,3.3,12,SEA_SNAIL_ARCTIC_SIDE_GR0_ST2_LRR3_R2_SIDE_.png
1.7,17,3.3,12,1.7,17,3.3,12,SEA_SNAIL_ARCTIC_SIDE_GR1_ST2_LRR3_R2_SIDE_.png
1.8,17,3.3,12,1.8,17,3.3,12,SEA_SNAIL_ARCTIC_SIDE_GR2_ST2_LRR3_R2_SIDE_.png
1.9,17,3.3,12,1.9,17,3.3,12,SEA_SNAIL_ARCTIC_SIDE_GR3_ST2_LRR3_R2_SIDE_.png
2.0,17,3.3,12,2.0,17,3.3,12,SEA_SNAIL_ARCTIC_SIDE_GR4_ST2_LRR3_R2_SIDE_.png
2.1,17,3.3,12,2.1,17,3.3,12,SEA_SNAIL_ARCTIC_SIDE_GR5_ST2_LRR3_R2_SIDE_.png
1.6,18,3.3,12,1.6,18,3.3,12,SEA_SNAIL_ARCTIC_SIDE_GR0_ST3_LRR3_R2_SIDE_.png
1.7,18,3.3,12,1.7,18,3.3,12,SEA_SNAIL_ARCTIC_SIDE_GR1_ST3_LRR3_R2_SIDE_.png
1.8,18,3.3,12,1.8,18,3.3,12,SEA_SNAIL_ARCTIC_SIDE_GR2_ST3_LRR3_R2_SIDE_.png
1.9,18,3.3,12,1.9,18,3.3,12,SEA_SNAIL_ARCTIC_SIDE_GR3_ST3_LRR3_R2_SIDE_.png
2.0,18,3.3,12,2.0,18,3.3,12,SEA_SNAIL_ARCTIC_SIDE_GR4_ST3_LRR3_R2_SIDE_.png
2.1,18,3.3,12,2.1,18,3.3,12,SEA_SNAIL_ARCTIC_SIDE_GR5_ST3_LRR3_R2_SIDE_.png
1.6,19,3.3,12,1.6,19,3.3,12,SEA_SNAIL_ARCTIC_SIDE_GR0_ST4_LRR3_R2_SIDE_.png
1.7,19,3.3,12,1.7,19,3.3,12,SEA_SNAIL_ARCTIC_SIDE_GR1_ST4_LRR3_R2_SIDE_.png
1.8,19,3.3,12,1.8,19,3.3,12,SEA_SNAIL_ARCTIC_SIDE_GR2_ST4_LRR3_R2_SIDE_.png
1.9,19,3.3,12,1.9,19,3.3,12,SEA_SNAIL_ARCTIC_SIDE_GR3_ST4_LRR3_R2_SIDE_.png
2.0,19,3.3,12,2.0,19,3.3,12,SEA_SNAIL_ARCTIC_SIDE_GR4_ST4_LRR3_R2_SIDE_.png
2.1,19,3.3,12,2.1,19,3.3,12,SEA_SNAIL_ARCTIC_SIDE_GR5_ST4_LRR3_R2_SIDE_.png
1.6,20,3.3,12,1.6,20,3.3,12,SEA_SNAIL_ARCTIC_SIDE_GR0_ST5_LRR3_R2_SIDE_.png
1.7,20,3.3,12,1.7,20,3.3,12,SEA_SNAIL_ARCTIC_SIDE_GR1_ST5_LRR3_R2_SIDE_.png
1.8,20,3.3,12,1.8,20,3.3,12,SEA_SNAIL_ARCTIC_SIDE_GR2_ST5_LRR3_R2_SIDE_.png
1.9,20,3.3,12,1.9,20,3.3,12,SEA_SNAIL_ARCTIC_SIDE_GR3_ST5_LRR3_R2_SIDE_.png
2.0,20,3.3,12,2.0,20,3.3,12,SEA_SNAIL_ARCTIC_SIDE_GR4_ST5_LRR3_R2_SIDE_.png
2.1,20,3.3,12,2.1,20,3.3,12,SEA_SNAIL_ARCTIC_SIDE_GR5_ST5_LRR3_R2_SIDE_.png
1.6,15,3.4,12,1.6,15,3.4,12,SEA_SNAIL_ARCTIC_SIDE_GR0_ST0_LRR4_R2_SIDE_.png
1.7,15,3.4,12,1.7,15,3.4,12,SEA_SNAIL_ARCTIC_SIDE_GR1_ST0_LRR4_R2_SIDE_.png
1.8,15,3.4,12,1.8,15,3.4,12,SEA_SNAIL_ARCTIC_SIDE_GR2_ST0_LRR4_R2_SIDE_.png
1.9,15,3.4,12,1.9,15,3.4,12,SEA_SNAIL_ARCTIC_SIDE_GR3_ST0_LRR4_R2_SIDE_.png
2.0,15,3.4,12,2.0,15,3.4,12,SEA_SNAIL_ARCTIC_SIDE_GR4_ST0_LRR4_R2_SIDE_.png
2.1,15,3.4,12,2.1,15,3.4,12,SEA_SNAIL_ARCTIC_SIDE_GR5_ST0_LRR4_R2_SIDE_.png
1.6,16,3.4,12,1.6,16,3.4,12,SEA_SNAIL_ARCTIC_SIDE_GR0_ST1_LRR4_R2_SIDE_.png
1.7,16,3.4,12,1.7,16,3.4,12,SEA_SNAIL_ARCTIC_SIDE_GR1_ST1_LRR4_R2_SIDE_.png
1.8,16,3.4,12,1.8,16,3.4,12,SEA_SNAIL_ARCTIC_SIDE_GR2_ST1_LRR4_R2_SIDE_.png
1.9,16,3.4,12,1.9,16,3.4,12,SEA_SNAIL_ARCTIC_SIDE_GR3_ST1_LRR4_R2_SIDE_.png
2.0,16,3.4,12,2.0,16,3.4,12,SEA_SNAIL_ARCTIC_SIDE_GR4_ST1_LRR4_R2_SIDE_.png
2.1,16,3.4,12,2.1,16,3.4,12,SEA_SNAIL_ARCTIC_SIDE_GR5_ST1_LRR4_R2_SIDE_.png
1.6,17,3.4,12,1.6,17,3.4,12,SEA_SNAIL_ARCTIC_SIDE_GR0_ST2_LRR4_R2_SIDE_.png
1.7,17,3.4,12,1.7,17,3.4,12,SEA_SNAIL_ARCTIC_SIDE_GR1_ST2_LRR4_R2_SIDE_.png
1.8,17,3.4,12,1.8,17,3.4,12,SEA_SNAIL_ARCTIC_SIDE_GR2_ST2_LRR4_R2_SIDE_.png
1.9,17,3.4,12,1.9,17,3.4,12,SEA_SNAIL_ARCTIC_SIDE_GR3_ST2_LRR4_R2_SIDE_.png
2.0,17,3.4,12,2.0,17,3.4,12,SEA_SNAIL_ARCTIC_SIDE_GR4_ST2_LRR4_R2_SIDE_.png
2.1,17,3.4,12,2.1,17,3.4,12,SEA_SNAIL_ARCTIC_SIDE_GR5_ST2_LRR4_R2_SIDE_.png
1.6,18,3.4,12,1.6,18,3.4,12,SEA_SNAIL_ARCTIC_SIDE_GR0_ST3_LRR4_R2_SIDE_.png
1.7,18,3.4,12,1.7,18,3.4,12,SEA_SNAIL_ARCTIC_SIDE_GR1_ST3_LRR4_R2_SIDE_.png
1.8,18,3.4,12,1.8,18,3.4,12,SEA_SNAIL_ARCTIC_SIDE_GR2_ST3_LRR4_R2_SIDE_.png
1.9,18,3.4,12,1.9,18,3.4,12,SEA_SNAIL_ARCTIC_SIDE_GR3_ST3_LRR4_R2_SIDE_.png
2.0,18,3.4,12,2.0,18,3.4,12,SEA_SNAIL_ARCTIC_SIDE_GR4_ST3_LRR4_R2_SIDE_.png
2.1,18,3.4,12,2.1,18,3.4,12,SEA_SNAIL_ARCTIC_SIDE_GR5_ST3_LRR4_R2_SIDE_.png
1.6,19,3.4,12,1.6,19,3.4,12,SEA_SNAIL_ARCTIC_SIDE_GR0_ST4_LRR4_R2_SIDE_.png
1.7,19,3.4,12,1.7,19,3.4,12,SEA_SNAIL_ARCTIC_SIDE_GR1_ST4_LRR4_R2_SIDE_.png
1.8,19,3.4,12,1.8,19,3.4,12,SEA_SNAIL_ARCTIC_SIDE_GR2_ST4_LRR4_R2_SIDE_.png
1.9,19,3.4,12,1.9,19,3.4,12,SEA_SNAIL_ARCTIC_SIDE_GR3_ST4_LRR4_R2_SIDE_.png
2.0,19,3.4,12,2.0,19,3.4,12,SEA_SNAIL_ARCTIC_SIDE_GR4_ST4_LRR4_R2_SIDE_.png
2.1,19,3.4,12,2.1,19,3.4,12,SEA_SNAIL_ARCTIC_SIDE_GR5_ST4_LRR4_R2_SIDE_.png
1.6,20,3.4,12,1.6,20,3.4,12,SEA_SNAIL_ARCTIC_SIDE_GR0_ST5_LRR4_R2_SIDE_.png
1.7,20,3.4,12,1.7,20,3.4,12,SEA_SNAIL_ARCTIC_SIDE_GR1_ST5_LRR4_R2_SIDE_.png
1.8,20,3.4,12,1.8,20,3.4,12,SEA_SNAIL_ARCTIC_SIDE_GR2_ST5_LRR4_R2_SIDE_.png
1.9,20,3.4,12,1.9,20,3.4,12,SEA_SNAIL_ARCTIC_SIDE_GR3_ST5_LRR4_R2_SIDE_.png
2.0,20,3.4,12,2.0,20,3.4,12,SEA_SNAIL_ARCTIC_SIDE_GR4_ST5_LRR4_R2_SIDE_.png
2.1,20,3.4,12,2.1,20,3.4,12,SEA_SNAIL_ARCTIC_SIDE_GR5_ST5_LRR4_R2_SIDE_.png
1.6,15,3.5,12,1.6,15,3.5,12,SEA_SNAIL_ARCTIC_SIDE_GR0_ST0_LRR5_R2_SIDE_.png
1.7,15,3.5,12,1.7,15,3.5,12,SEA_SNAIL_ARCTIC_SIDE_GR1_ST0_LRR5_R2_SIDE_.png
1.8,15,3.5,12,1.8,15,3.5,12,SEA_SNAIL_ARCTIC_SIDE_GR2_ST0_LRR5_R2_SIDE_.png
1.9,15,3.5,12,1.9,15,3.5,12,SEA_SNAIL_ARCTIC_SIDE_GR3_ST0_LRR5_R2_SIDE_.png
2.0,15,3.5,12,2.0,15,3.5,12,SEA_SNAIL_ARCTIC_SIDE_GR4_ST0_LRR5_R2_SIDE_.png
2.1,15,3.5,12,2.1,15,3.5,12,SEA_SNAIL_ARCTIC_SIDE_GR5_ST0_LRR5_R2_SIDE_.png
1.6,16,3.5,12,1.6,16,3.5,12,SEA_SNAIL_ARCTIC_SIDE_GR0_ST1_LRR5_R2_SIDE_.png
1.7,16,3.5,12,1.7,16,3.5,12,SEA_SNAIL_ARCTIC_SIDE_GR1_ST1_LRR5_R2_SIDE_.png
1.8,16,3.5,12,1.8,16,3.5,12,SEA_SNAIL_ARCTIC_SIDE_GR2_ST1_LRR5_R2_SIDE_.png
1.9,16,3.5,12,1.9,16,3.5,12,SEA_SNAIL_ARCTIC_SIDE_GR3_ST1_LRR5_R2_SIDE_.png
2.0,16,3.5,12,2.0,16,3.5,12,SEA_SNAIL_ARCTIC_SIDE_GR4_ST1_LRR5_R2_SIDE_.png
2.1,16,3.5,12,2.1,16,3.5,12,SEA_SNAIL_ARCTIC_SIDE_GR5_ST1_LRR5_R2_SIDE_.png
1.6,17,3.5,12,1.6,17,3.5,12,SEA_SNAIL_ARCTIC_SIDE_GR0_ST2_LRR5_R2_SIDE_.png
1.7,17,3.5,12,1.7,17,3.5,12,SEA_SNAIL_ARCTIC_SIDE_GR1_ST2_LRR5_R2_SIDE_.png
1.8,17,3.5,12,1.8,17,3.5,12,SEA_SNAIL_ARCTIC_SIDE_GR2_ST2_LRR5_R2_SIDE_.png
1.9,17,3.5,12,1.9,17,3.5,12,SEA_SNAIL_ARCTIC_SIDE_GR3_ST2_LRR5_R2_SIDE_.png
2.0,17,3.5,12,2.0,17,3.5,12,SEA_SNAIL_ARCTIC_SIDE_GR4_ST2_LRR5_R2_SIDE_.png
2.1,17,3.5,12,2.1,17,3.5,12,SEA_SNAIL_ARCTIC_SIDE_GR5_ST2_LRR5_R2_SIDE_.png
1.6,18,3.5,12,1.6,18,3.5,12,SEA_SNAIL_ARCTIC_SIDE_GR0_ST3_LRR5_R2_SIDE_.png
1.7,18,3.5,12,1.7,18,3.5,12,SEA_SNAIL_ARCTIC_SIDE_GR1_ST3_LRR5_R2_SIDE_.png
1.8,18,3.5,12,1.8,18,3.5,12,SEA_SNAIL_ARCTIC_SIDE_GR2_ST3_LRR5_R2_SIDE_.png
1.9,18,3.5,12,1.9,18,3.5,12,SEA_SNAIL_ARCTIC_SIDE_GR3_ST3_LRR5_R2_SIDE_.png
2.0,18,3.5,12,2.0,18,3.5,12,SEA_SNAIL_ARCTIC_SIDE_GR4_ST3_LRR5_R2_SIDE_.png
2.1,18,3.5,12,2.1,18,3.5,12,SEA_SNAIL_ARCTIC_SIDE_GR5_ST3_LRR5_R2_SIDE_.png
1.6,19,3.5,12,1.6,19,3.5,12,SEA_SNAIL_ARCTIC_SIDE_GR0_ST4_LRR5_R2_SIDE_.png
1.7,19,3.5,12,1.7,19,3.5,12,SEA_SNAIL_ARCTIC_SIDE_GR1_ST4_LRR5_R2_SIDE_.png
1.8,19,3.5,12,1.8,19,3.5,12,SEA_SNAIL_ARCTIC_SIDE_GR2_ST4_LRR5_R2_SIDE_.png
1.9,19,3.5,12,1.9,19,3.5,12,SEA_SNAIL_ARCTIC_SIDE_GR3_ST4_LRR5_R2_SIDE_.png
2.0,19,3.5,12,2.0,19,3.5,12,SEA_SNAIL_ARCTIC_SIDE_GR4_ST4_LRR5_R2_SIDE_.png
2.1,19,3.5,12,2.1,19,3.5,12,SEA_SNAIL_ARCTIC_SIDE_GR5_ST4_LRR5_R2_SIDE_.png
1.6,20,3.5,12,1.6,20,3.5,12,SEA_SNAIL_ARCTIC_SIDE_GR0_ST5_LRR5_R2_SIDE_.png
1.7,20,3.5,12,1.7,20,3.5,12,SEA_SNAIL_ARCTIC_SIDE_GR1_ST5_LRR5_R2_SIDE_.png
1.8,20,3.5,12,1.8,20,3.5,12,SEA_SNAIL_ARCTIC_SIDE_GR2_ST5_LRR5_R2_SIDE_.png
1.9,20,3.5,12,1.9,20,3.5,12,SEA_SNAIL_ARCTIC_SIDE_GR3_ST5_LRR5_R2_SIDE_.png
2.0,20,3.5,12,2.0,20,3.5,12,SEA_SNAIL_ARCTIC_SIDE_GR4_ST5_LRR5_R2_SIDE_.png
2.1,20,3.5,12,2.1,20,3.5,12,SEA_SNAIL_ARCTIC_SIDE_GR5_ST5_LRR5_R2_SIDE_.png
1.6,15,3.0,13,1.6,15,3.0,13,SEA_SNAIL_ARCTIC_SIDE_GR0_ST0_LRR0_R3_SIDE_.png
1.7,15,3.0,13,1.7,15,3.0,13,SEA_SNAIL_ARCTIC_SIDE_GR1_ST0_LRR0_R3_SIDE_.png
1.8,15,3.0,13,1.8,15,3.0,13,SEA_SNAIL_ARCTIC_SIDE_GR2_ST0_LRR0_R3_SIDE_.png
1.9,15,3.0,13,1.9,15,3.0,13,SEA_SNAIL_ARCTIC_SIDE_GR3_ST0_LRR0_R3_SIDE_.png
2.0,15,3.0,13,2.0,15,3.0,13,SEA_SNAIL_ARCTIC_SIDE_GR4_ST0_LRR0_R3_SIDE_.png
2.1,15,3.0,13,2.1,15,3.0,13,SEA_SNAIL_ARCTIC_SIDE_GR5_ST0_LRR0_R3_SIDE_.png
1.6,16,3.0,13,1.6,16,3.0,13,SEA_SNAIL_ARCTIC_SIDE_GR0_ST1_LRR0_R3_SIDE_.png
1.7,16,3.0,13,1.7,16,3.0,13,SEA_SNAIL_ARCTIC_SIDE_GR1_ST1_LRR0_R3_SIDE_.png
1.8,16,3.0,13,1.8,16,3.0,13,SEA_SNAIL_ARCTIC_SIDE_GR2_ST1_LRR0_R3_SIDE_.png
1.9,16,3.0,13,1.9,16,3.0,13,SEA_SNAIL_ARCTIC_SIDE_GR3_ST1_LRR0_R3_SIDE_.png
2.0,16,3.0,13,2.0,16,3.0,13,SEA_SNAIL_ARCTIC_SIDE_GR4_ST1_LRR0_R3_SIDE_.png
2.1,16,3.0,13,2.1,16,3.0,13,SEA_SNAIL_ARCTIC_SIDE_GR5_ST1_LRR0_R3_SIDE_.png
1.6,17,3.0,13,1.6,17,3.0,13,SEA_SNAIL_ARCTIC_SIDE_GR0_ST2_LRR0_R3_SIDE_.png
1.7,17,3.0,13,1.7,17,3.0,13,SEA_SNAIL_ARCTIC_SIDE_GR1_ST2_LRR0_R3_SIDE_.png
1.8,17,3.0,13,1.8,17,3.0,13,SEA_SNAIL_ARCTIC_SIDE_GR2_ST2_LRR0_R3_SIDE_.png
1.9,17,3.0,13,1.9,17,3.0,13,SEA_SNAIL_ARCTIC_SIDE_GR3_ST2_LRR0_R3_SIDE_.png
2.0,17,3.0,13,2.0,17,3.0,13,SEA_SNAIL_ARCTIC_SIDE_GR4_ST2_LRR0_R3_SIDE_.png
2.1,17,3.0,13,2.1,17,3.0,13,SEA_SNAIL_ARCTIC_SIDE_GR5_ST2_LRR0_R3_SIDE_.png
1.6,18,3.0,13,1.6,18,3.0,13,SEA_SNAIL_ARCTIC_SIDE_GR0_ST3_LRR0_R3_SIDE_.png
1.7,18,3.0,13,1.7,18,3.0,13,SEA_SNAIL_ARCTIC_SIDE_GR1_ST3_LRR0_R3_SIDE_.png
1.8,18,3.0,13,1.8,18,3.0,13,SEA_SNAIL_ARCTIC_SIDE_GR2_ST3_LRR0_R3_SIDE_.png
1.9,18,3.0,13,1.9,18,3.0,13,SEA_SNAIL_ARCTIC_SIDE_GR3_ST3_LRR0_R3_SIDE_.png
2.0,18,3.0,13,2.0,18,3.0,13,SEA_SNAIL_ARCTIC_SIDE_GR4_ST3_LRR0_R3_SIDE_.png
2.1,18,3.0,13,2.1,18,3.0,13,SEA_SNAIL_ARCTIC_SIDE_GR5_ST3_LRR0_R3_SIDE_.png
1.6,19,3.0,13,1.6,19,3.0,13,SEA_SNAIL_ARCTIC_SIDE_GR0_ST4_LRR0_R3_SIDE_.png
1.7,19,3.0,13,1.7,19,3.0,13,SEA_SNAIL_ARCTIC_SIDE_GR1_ST4_LRR0_R3_SIDE_.png
1.8,19,3.0,13,1.8,19,3.0,13,SEA_SNAIL_ARCTIC_SIDE_GR2_ST4_LRR0_R3_SIDE_.png
1.9,19,3.0,13,1.9,19,3.0,13,SEA_SNAIL_ARCTIC_SIDE_GR3_ST4_LRR0_R3_SIDE_.png
2.0,19,3.0,13,2.0,19,3.0,13,SEA_SNAIL_ARCTIC_SIDE_GR4_ST4_LRR0_R3_SIDE_.png
2.1,19,3.0,13,2.1,19,3.0,13,SEA_SNAIL_ARCTIC_SIDE_GR5_ST4_LRR0_R3_SIDE_.png
1.6,20,3.0,13,1.6,20,3.0,13,SEA_SNAIL_ARCTIC_SIDE_GR0_ST5_LRR0_R3_SIDE_.png
1.7,20,3.0,13,1.7,20,3.0,13,SEA_SNAIL_ARCTIC_SIDE_GR1_ST5_LRR0_R3_SIDE_.png
1.8,20,3.0,13,1.8,20,3.0,13,SEA_SNAIL_ARCTIC_SIDE_GR2_ST5_LRR0_R3_SIDE_.png
1.9,20,3.0,13,1.9,20,3.0,13,SEA_SNAIL_ARCTIC_SIDE_GR3_ST5_LRR0_R3_SIDE_.png
2.0,20,3.0,13,2.0,20,3.0,13,SEA_SNAIL_ARCTIC_SIDE_GR4_ST5_LRR0_R3_SIDE_.png
2.1,20,3.0,13,2.1,20,3.0,13,SEA_SNAIL_ARCTIC_SIDE_GR5_ST5_LRR0_R3_SIDE_.png
1.6,15,3.1,13,1.6,15,3.1,13,SEA_SNAIL_ARCTIC_SIDE_GR0_ST0_LRR1_R3_SIDE_.png
1.7,15,3.1,13,1.7,15,3.1,13,SEA_SNAIL_ARCTIC_SIDE_GR1_ST0_LRR1_R3_SIDE_.png
1.8,15,3.1,13,1.8,15,3.1,13,SEA_SNAIL_ARCTIC_SIDE_GR2_ST0_LRR1_R3_SIDE_.png
1.9,15,3.1,13,1.9,15,3.1,13,SEA_SNAIL_ARCTIC_SIDE_GR3_ST0_LRR1_R3_SIDE_.png
2.0,15,3.1,13,2.0,15,3.1,13,SEA_SNAIL_ARCTIC_SIDE_GR4_ST0_LRR1_R3_SIDE_.png
2.1,15,3.1,13,2.1,15,3.1,13,SEA_SNAIL_ARCTIC_SIDE_GR5_ST0_LRR1_R3_SIDE_.png
1.6,16,3.1,13,1.6,16,3.1,13,SEA_SNAIL_ARCTIC_SIDE_GR0_ST1_LRR1_R3_SIDE_.png
1.7,16,3.1,13,1.7,16,3.1,13,SEA_SNAIL_ARCTIC_SIDE_GR1_ST1_LRR1_R3_SIDE_.png
1.8,16,3.1,13,1.8,16,3.1,13,SEA_SNAIL_ARCTIC_SIDE_GR2_ST1_LRR1_R3_SIDE_.png
1.9,16,3.1,13,1.9,16,3.1,13,SEA_SNAIL_ARCTIC_SIDE_GR3_ST1_LRR1_R3_SIDE_.png
2.0,16,3.1,13,2.0,16,3.1,13,SEA_SNAIL_ARCTIC_SIDE_GR4_ST1_LRR1_R3_SIDE_.png
2.1,16,3.1,13,2.1,16,3.1,13,SEA_SNAIL_ARCTIC_SIDE_GR5_ST1_LRR1_R3_SIDE_.png
1.6,17,3.1,13,1.6,17,3.1,13,SEA_SNAIL_ARCTIC_SIDE_GR0_ST2_LRR1_R3_SIDE_.png
1.7,17,3.1,13,1.7,17,3.1,13,SEA_SNAIL_ARCTIC_SIDE_GR1_ST2_LRR1_R3_SIDE_.png
1.8,17,3.1,13,1.8,17,3.1,13,SEA_SNAIL_ARCTIC_SIDE_GR2_ST2_LRR1_R3_SIDE_.png
1.9,17,3.1,13,1.9,17,3.1,13,SEA_SNAIL_ARCTIC_SIDE_GR3_ST2_LRR1_R3_SIDE_.png
2.0,17,3.1,13,2.0,17,3.1,13,SEA_SNAIL_ARCTIC_SIDE_GR4_ST2_LRR1_R3_SIDE_.png
2.1,17,3.1,13,2.1,17,3.1,13,SEA_SNAIL_ARCTIC_SIDE_GR5_ST2_LRR1_R3_SIDE_.png
1.6,18,3.1,13,1.6,18,3.1,13,SEA_SNAIL_ARCTIC_SIDE_GR0_ST3_LRR1_R3_SIDE_.png
1.7,18,3.1,13,1.7,18,3.1,13,SEA_SNAIL_ARCTIC_SIDE_GR1_ST3_LRR1_R3_SIDE_.png
1.8,18,3.1,13,1.8,18,3.1,13,SEA_SNAIL_ARCTIC_SIDE_GR2_ST3_LRR1_R3_SIDE_.png
1.9,18,3.1,13,1.9,18,3.1,13,SEA_SNAIL_ARCTIC_SIDE_GR3_ST3_LRR1_R3_SIDE_.png
2.0,18,3.1,13,2.0,18,3.1,13,SEA_SNAIL_ARCTIC_SIDE_GR4_ST3_LRR1_R3_SIDE_.png
2.1,18,3.1,13,2.1,18,3.1,13,SEA_SNAIL_ARCTIC_SIDE_GR5_ST3_LRR1_R3_SIDE_.png
1.6,19,3.1,13,1.6,19,3.1,13,SEA_SNAIL_ARCTIC_SIDE_GR0_ST4_LRR1_R3_SIDE_.png
1.7,19,3.1,13,1.7,19,3.1,13,SEA_SNAIL_ARCTIC_SIDE_GR1_ST4_LRR1_R3_SIDE_.png
1.8,19,3.1,13,1.8,19,3.1,13,SEA_SNAIL_ARCTIC_SIDE_GR2_ST4_LRR1_R3_SIDE_.png
1.9,19,3.1,13,1.9,19,3.1,13,SEA_SNAIL_ARCTIC_SIDE_GR3_ST4_LRR1_R3_SIDE_.png
2.0,19,3.1,13,2.0,19,3.1,13,SEA_SNAIL_ARCTIC_SIDE_GR4_ST4_LRR1_R3_SIDE_.png
2.1,19,3.1,13,2.1,19,3.1,13,SEA_SNAIL_ARCTIC_SIDE_GR5_ST4_LRR1_R3_SIDE_.png
1.6,20,3.1,13,1.6,20,3.1,13,SEA_SNAIL_ARCTIC_SIDE_GR0_ST5_LRR1_R3_SIDE_.png
1.7,20,3.1,13,1.7,20,3.1,13,SEA_SNAIL_ARCTIC_SIDE_GR1_ST5_LRR1_R3_SIDE_.png
1.8,20,3.1,13,1.8,20,3.1,13,SEA_SNAIL_ARCTIC_SIDE_GR2_ST5_LRR1_R3_SIDE_.png
1.9,20,3.1,13,1.9,20,3.1,13,SEA_SNAIL_ARCTIC_SIDE_GR3_ST5_LRR1_R3_SIDE_.png
2.0,20,3.1,13,2.0,20,3.1,13,SEA_SNAIL_ARCTIC_SIDE_GR4_ST5_LRR1_R3_SIDE_.png
2.1,20,3.1,13,2.1,20,3.1,13,SEA_SNAIL_ARCTIC_SIDE_GR5_ST5_LRR1_R3_SIDE_.png
1.6,15,3.2,13,1.6,15,3.2,13,SEA_SNAIL_ARCTIC_SIDE_GR0_ST0_LRR2_R3_SIDE_.png
1.7,15,3.2,13,1.7,15,3.2,13,SEA_SNAIL_ARCTIC_SIDE_GR1_ST0_LRR2_R3_SIDE_.png
1.8,15,3.2,13,1.8,15,3.2,13,SEA_SNAIL_ARCTIC_SIDE_GR2_ST0_LRR2_R3_SIDE_.png
1.9,15,3.2,13,1.9,15,3.2,13,SEA_SNAIL_ARCTIC_SIDE_GR3_ST0_LRR2_R3_SIDE_.png
2.0,15,3.2,13,2.0,15,3.2,13,SEA_SNAIL_ARCTIC_SIDE_GR4_ST0_LRR2_R3_SIDE_.png
2.1,15,3.2,13,2.1,15,3.2,13,SEA_SNAIL_ARCTIC_SIDE_GR5_ST0_LRR2_R3_SIDE_.png
1.6,16,3.2,13,1.6,16,3.2,13,SEA_SNAIL_ARCTIC_SIDE_GR0_ST1_LRR2_R3_SIDE_.png
1.7,16,3.2,13,1.7,16,3.2,13,SEA_SNAIL_ARCTIC_SIDE_GR1_ST1_LRR2_R3_SIDE_.png
1.8,16,3.2,13,1.8,16,3.2,13,SEA_SNAIL_ARCTIC_SIDE_GR2_ST1_LRR2_R3_SIDE_.png
1.9,16,3.2,13,1.9,16,3.2,13,SEA_SNAIL_ARCTIC_SIDE_GR3_ST1_LRR2_R3_SIDE_.png
2.0,16,3.2,13,2.0,16,3.2,13,SEA_SNAIL_ARCTIC_SIDE_GR4_ST1_LRR2_R3_SIDE_.png
2.1,16,3.2,13,2.1,16,3.2,13,SEA_SNAIL_ARCTIC_SIDE_GR5_ST1_LRR2_R3_SIDE_.png
1.6,17,3.2,13,1.6,17,3.2,13,SEA_SNAIL_ARCTIC_SIDE_GR0_ST2_LRR2_R3_SIDE_.png
1.7,17,3.2,13,1.7,17,3.2,13,SEA_SNAIL_ARCTIC_SIDE_GR1_ST2_LRR2_R3_SIDE_.png
1.8,17,3.2,13,1.8,17,3.2,13,SEA_SNAIL_ARCTIC_SIDE_GR2_ST2_LRR2_R3_SIDE_.png
1.9,17,3.2,13,1.9,17,3.2,13,SEA_SNAIL_ARCTIC_SIDE_GR3_ST2_LRR2_R3_SIDE_.png
2.0,17,3.2,13,2.0,17,3.2,13,SEA_SNAIL_ARCTIC_SIDE_GR4_ST2_LRR2_R3_SIDE_.png
2.1,17,3.2,13,2.1,17,3.2,13,SEA_SNAIL_ARCTIC_SIDE_GR5_ST2_LRR2_R3_SIDE_.png
1.6,18,3.2,13,1.6,18,3.2,13,SEA_SNAIL_ARCTIC_SIDE_GR0_ST3_LRR2_R3_SIDE_.png
1.7,18,3.2,13,1.7,18,3.2,13,SEA_SNAIL_ARCTIC_SIDE_GR1_ST3_LRR2_R3_SIDE_.png
1.8,18,3.2,13,1.8,18,3.2,13,SEA_SNAIL_ARCTIC_SIDE_GR2_ST3_LRR2_R3_SIDE_.png
1.9,18,3.2,13,1.9,18,3.2,13,SEA_SNAIL_ARCTIC_SIDE_GR3_ST3_LRR2_R3_SIDE_.png
2.0,18,3.2,13,2.0,18,3.2,13,SEA_SNAIL_ARCTIC_SIDE_GR4_ST3_LRR2_R3_SIDE_.png
2.1,18,3.2,13,2.1,18,3.2,13,SEA_SNAIL_ARCTIC_SIDE_GR5_ST3_LRR2_R3_SIDE_.png
1.6,19,3.2,13,1.6,19,3.2,13,SEA_SNAIL_ARCTIC_SIDE_GR0_ST4_LRR2_R3_SIDE_.png
1.7,19,3.2,13,1.7,19,3.2,13,SEA_SNAIL_ARCTIC_SIDE_GR1_ST4_LRR2_R3_SIDE_.png
1.8,19,3.2,13,1.8,19,3.2,13,SEA_SNAIL_ARCTIC_SIDE_GR2_ST4_LRR2_R3_SIDE_.png
1.9,19,3.2,13,1.9,19,3.2,13,SEA_SNAIL_ARCTIC_SIDE_GR3_ST4_LRR2_R3_SIDE_.png
2.0,19,3.2,13,2.0,19,3.2,13,SEA_SNAIL_ARCTIC_SIDE_GR4_ST4_LRR2_R3_SIDE_.png
2.1,19,3.2,13,2.1,19,3.2,13,SEA_SNAIL_ARCTIC_SIDE_GR5_ST4_LRR2_R3_SIDE_.png
1.6,20,3.2,13,1.6,20,3.2,13,SEA_SNAIL_ARCTIC_SIDE_GR0_ST5_LRR2_R3_SIDE_.png
1.7,20,3.2,13,1.7,20,3.2,13,SEA_SNAIL_ARCTIC_SIDE_GR1_ST5_LRR2_R3_SIDE_.png
1.8,20,3.2,13,1.8,20,3.2,13,SEA_SNAIL_ARCTIC_SIDE_GR2_ST5_LRR2_R3_SIDE_.png
1.9,20,3.2,13,1.9,20,3.2,13,SEA_SNAIL_ARCTIC_SIDE_GR3_ST5_LRR2_R3_SIDE_.png
2.0,20,3.2,13,2.0,20,3.2,13,SEA_SNAIL_ARCTIC_SIDE_GR4_ST5_LRR2_R3_SIDE_.png
2.1,20,3.2,13,2.1,20,3.2,13,SEA_SNAIL_ARCTIC_SIDE_GR5_ST5_LRR2_R3_SIDE_.png
1.6,15,3.3,13,1.6,15,3.3,13,SEA_SNAIL_ARCTIC_SIDE_GR0_ST0_LRR3_R3_SIDE_.png
1.7,15,3.3,13,1.7,15,3.3,13,SEA_SNAIL_ARCTIC_SIDE_GR1_ST0_LRR3_R3_SIDE_.png
1.8,15,3.3,13,1.8,15,3.3,13,SEA_SNAIL_ARCTIC_SIDE_GR2_ST0_LRR3_R3_SIDE_.png
1.9,15,3.3,13,1.9,15,3.3,13,SEA_SNAIL_ARCTIC_SIDE_GR3_ST0_LRR3_R3_SIDE_.png
2.0,15,3.3,13,2.0,15,3.3,13,SEA_SNAIL_ARCTIC_SIDE_GR4_ST0_LRR3_R3_SIDE_.png
2.1,15,3.3,13,2.1,15,3.3,13,SEA_SNAIL_ARCTIC_SIDE_GR5_ST0_LRR3_R3_SIDE_.png
1.6,16,3.3,13,1.6,16,3.3,13,SEA_SNAIL_ARCTIC_SIDE_GR0_ST1_LRR3_R3_SIDE_.png
1.7,16,3.3,13,1.7,16,3.3,13,SEA_SNAIL_ARCTIC_SIDE_GR1_ST1_LRR3_R3_SIDE_.png
1.8,16,3.3,13,1.8,16,3.3,13,SEA_SNAIL_ARCTIC_SIDE_GR2_ST1_LRR3_R3_SIDE_.png
1.9,16,3.3,13,1.9,16,3.3,13,SEA_SNAIL_ARCTIC_SIDE_GR3_ST1_LRR3_R3_SIDE_.png
2.0,16,3.3,13,2.0,16,3.3,13,SEA_SNAIL_ARCTIC_SIDE_GR4_ST1_LRR3_R3_SIDE_.png
2.1,16,3.3,13,2.1,16,3.3,13,SEA_SNAIL_ARCTIC_SIDE_GR5_ST1_LRR3_R3_SIDE_.png
1.6,17,3.3,13,1.6,17,3.3,13,SEA_SNAIL_ARCTIC_SIDE_GR0_ST2_LRR3_R3_SIDE_.png
1.7,17,3.3,13,1.7,17,3.3,13,SEA_SNAIL_ARCTIC_SIDE_GR1_ST2_LRR3_R3_SIDE_.png
1.8,17,3.3,13,1.8,17,3.3,13,SEA_SNAIL_ARCTIC_SIDE_GR2_ST2_LRR3_R3_SIDE_.png
1.9,17,3.3,13,1.9,17,3.3,13,SEA_SNAIL_ARCTIC_SIDE_GR3_ST2_LRR3_R3_SIDE_.png
2.0,17,3.3,13,2.0,17,3.3,13,SEA_SNAIL_ARCTIC_SIDE_GR4_ST2_LRR3_R3_SIDE_.png
2.1,17,3.3,13,2.1,17,3.3,13,SEA_SNAIL_ARCTIC_SIDE_GR5_ST2_LRR3_R3_SIDE_.png
1.6,18,3.3,13,1.6,18,3.3,13,SEA_SNAIL_ARCTIC_SIDE_GR0_ST3_LRR3_R3_SIDE_.png
1.7,18,3.3,13,1.7,18,3.3,13,SEA_SNAIL_ARCTIC_SIDE_GR1_ST3_LRR3_R3_SIDE_.png
1.8,18,3.3,13,1.8,18,3.3,13,SEA_SNAIL_ARCTIC_SIDE_GR2_ST3_LRR3_R3_SIDE_.png
1.9,18,3.3,13,1.9,18,3.3,13,SEA_SNAIL_ARCTIC_SIDE_GR3_ST3_LRR3_R3_SIDE_.png
2.0,18,3.3,13,2.0,18,3.3,13,SEA_SNAIL_ARCTIC_SIDE_GR4_ST3_LRR3_R3_SIDE_.png
2.1,18,3.3,13,2.1,18,3.3,13,SEA_SNAIL_ARCTIC_SIDE_GR5_ST3_LRR3_R3_SIDE_.png
1.6,19,3.3,13,1.6,19,3.3,13,SEA_SNAIL_ARCTIC_SIDE_GR0_ST4_LRR3_R3_SIDE_.png
1.7,19,3.3,13,1.7,19,3.3,13,SEA_SNAIL_ARCTIC_SIDE_GR1_ST4_LRR3_R3_SIDE_.png
1.8,19,3.3,13,1.8,19,3.3,13,SEA_SNAIL_ARCTIC_SIDE_GR2_ST4_LRR3_R3_SIDE_.png
1.9,19,3.3,13,1.9,19,3.3,13,SEA_SNAIL_ARCTIC_SIDE_GR3_ST4_LRR3_R3_SIDE_.png
2.0,19,3.3,13,2.0,19,3.3,13,SEA_SNAIL_ARCTIC_SIDE_GR4_ST4_LRR3_R3_SIDE_.png
2.1,19,3.3,13,2.1,19,3.3,13,SEA_SNAIL_ARCTIC_SIDE_GR5_ST4_LRR3_R3_SIDE_.png
1.6,20,3.3,13,1.6,20,3.3,13,SEA_SNAIL_ARCTIC_SIDE_GR0_ST5_LRR3_R3_SIDE_.png
1.7,20,3.3,13,1.7,20,3.3,13,SEA_SNAIL_ARCTIC_SIDE_GR1_ST5_LRR3_R3_SIDE_.png
1.8,20,3.3,13,1.8,20,3.3,13,SEA_SNAIL_ARCTIC_SIDE_GR2_ST5_LRR3_R3_SIDE_.png
1.9,20,3.3,13,1.9,20,3.3,13,SEA_SNAIL_ARCTIC_SIDE_GR3_ST5_LRR3_R3_SIDE_.png
2.0,20,3.3,13,2.0,20,3.3,13,SEA_SNAIL_ARCTIC_SIDE_GR4_ST5_LRR3_R3_SIDE_.png
2.1,20,3.3,13,2.1,20,3.3,13,SEA_SNAIL_ARCTIC_SIDE_GR5_ST5_LRR3_R3_SIDE_.png
1.6,15,3.4,13,1.6,15,3.4,13,SEA_SNAIL_ARCTIC_SIDE_GR0_ST0_LRR4_R3_SIDE_.png
1.7,15,3.4,13,1.7,15,3.4,13,SEA_SNAIL_ARCTIC_SIDE_GR1_ST0_LRR4_R3_SIDE_.png
1.8,15,3.4,13,1.8,15,3.4,13,SEA_SNAIL_ARCTIC_SIDE_GR2_ST0_LRR4_R3_SIDE_.png
1.9,15,3.4,13,1.9,15,3.4,13,SEA_SNAIL_ARCTIC_SIDE_GR3_ST0_LRR4_R3_SIDE_.png
2.0,15,3.4,13,2.0,15,3.4,13,SEA_SNAIL_ARCTIC_SIDE_GR4_ST0_LRR4_R3_SIDE_.png
2.1,15,3.4,13,2.1,15,3.4,13,SEA_SNAIL_ARCTIC_SIDE_GR5_ST0_LRR4_R3_SIDE_.png
1.6,16,3.4,13,1.6,16,3.4,13,SEA_SNAIL_ARCTIC_SIDE_GR0_ST1_LRR4_R3_SIDE_.png
1.7,16,3.4,13,1.7,16,3.4,13,SEA_SNAIL_ARCTIC_SIDE_GR1_ST1_LRR4_R3_SIDE_.png
1.8,16,3.4,13,1.8,16,3.4,13,SEA_SNAIL_ARCTIC_SIDE_GR2_ST1_LRR4_R3_SIDE_.png
1.9,16,3.4,13,1.9,16,3.4,13,SEA_SNAIL_ARCTIC_SIDE_GR3_ST1_LRR4_R3_SIDE_.png
2.0,16,3.4,13,2.0,16,3.4,13,SEA_SNAIL_ARCTIC_SIDE_GR4_ST1_LRR4_R3_SIDE_.png
2.1,16,3.4,13,2.1,16,3.4,13,SEA_SNAIL_ARCTIC_SIDE_GR5_ST1_LRR4_R3_SIDE_.png
1.6,17,3.4,13,1.6,17,3.4,13,SEA_SNAIL_ARCTIC_SIDE_GR0_ST2_LRR4_R3_SIDE_.png
1.7,17,3.4,13,1.7,17,3.4,13,SEA_SNAIL_ARCTIC_SIDE_GR1_ST2_LRR4_R3_SIDE_.png
1.8,17,3.4,13,1.8,17,3.4,13,SEA_SNAIL_ARCTIC_SIDE_GR2_ST2_LRR4_R3_SIDE_.png
1.9,17,3.4,13,1.9,17,3.4,13,SEA_SNAIL_ARCTIC_SIDE_GR3_ST2_LRR4_R3_SIDE_.png
2.0,17,3.4,13,2.0,17,3.4,13,SEA_SNAIL_ARCTIC_SIDE_GR4_ST2_LRR4_R3_SIDE_.png
2.1,17,3.4,13,2.1,17,3.4,13,SEA_SNAIL_ARCTIC_SIDE_GR5_ST2_LRR4_R3_SIDE_.png
1.6,18,3.4,13,1.6,18,3.4,13,SEA_SNAIL_ARCTIC_SIDE_GR0_ST3_LRR4_R3_SIDE_.png
1.7,18,3.4,13,1.7,18,3.4,13,SEA_SNAIL_ARCTIC_SIDE_GR1_ST3_LRR4_R3_SIDE_.png
1.8,18,3.4,13,1.8,18,3.4,13,SEA_SNAIL_ARCTIC_SIDE_GR2_ST3_LRR4_R3_SIDE_.png
1.9,18,3.4,13,1.9,18,3.4,13,SEA_SNAIL_ARCTIC_SIDE_GR3_ST3_LRR4_R3_SIDE_.png
2.0,18,3.4,13,2.0,18,3.4,13,SEA_SNAIL_ARCTIC_SIDE_GR4_ST3_LRR4_R3_SIDE_.png
2.1,18,3.4,13,2.1,18,3.4,13,SEA_SNAIL_ARCTIC_SIDE_GR5_ST3_LRR4_R3_SIDE_.png
1.6,19,3.4,13,1.6,19,3.4,13,SEA_SNAIL_ARCTIC_SIDE_GR0_ST4_LRR4_R3_SIDE_.png
1.7,19,3.4,13,1.7,19,3.4,13,SEA_SNAIL_ARCTIC_SIDE_GR1_ST4_LRR4_R3_SIDE_.png
1.8,19,3.4,13,1.8,19,3.4,13,SEA_SNAIL_ARCTIC_SIDE_GR2_ST4_LRR4_R3_SIDE_.png
1.9,19,3.4,13,1.9,19,3.4,13,SEA_SNAIL_ARCTIC_SIDE_GR3_ST4_LRR4_R3_SIDE_.png
2.0,19,3.4,13,2.0,19,3.4,13,SEA_SNAIL_ARCTIC_SIDE_GR4_ST4_LRR4_R3_SIDE_.png
2.1,19,3.4,13,2.1,19,3.4,13,SEA_SNAIL_ARCTIC_SIDE_GR5_ST4_LRR4_R3_SIDE_.png
1.6,20,3.4,13,1.6,20,3.4,13,SEA_SNAIL_ARCTIC_SIDE_GR0_ST5_LRR4_R3_SIDE_.png
1.7,20,3.4,13,1.7,20,3.4,13,SEA_SNAIL_ARCTIC_SIDE_GR1_ST5_LRR4_R3_SIDE_.png
1.8,20,3.4,13,1.8,20,3.4,13,SEA_SNAIL_ARCTIC_SIDE_GR2_ST5_LRR4_R3_SIDE_.png
1.9,20,3.4,13,1.9,20,3.4,13,SEA_SNAIL_ARCTIC_SIDE_GR3_ST5_LRR4_R3_SIDE_.png
2.0,20,3.4,13,2.0,20,3.4,13,SEA_SNAIL_ARCTIC_SIDE_GR4_ST5_LRR4_R3_SIDE_.png
2.1,20,3.4,13,2.1,20,3.4,13,SEA_SNAIL_ARCTIC_SIDE_GR5_ST5_LRR4_R3_SIDE_.png
1.6,15,3.5,13,1.6,15,3.5,13,SEA_SNAIL_ARCTIC_SIDE_GR0_ST0_LRR5_R3_SIDE_.png
1.7,15,3.5,13,1.7,15,3.5,13,SEA_SNAIL_ARCTIC_SIDE_GR1_ST0_LRR5_R3_SIDE_.png
1.8,15,3.5,13,1.8,15,3.5,13,SEA_SNAIL_ARCTIC_SIDE_GR2_ST0_LRR5_R3_SIDE_.png
1.9,15,3.5,13,1.9,15,3.5,13,SEA_SNAIL_ARCTIC_SIDE_GR3_ST0_LRR5_R3_SIDE_.png
2.0,15,3.5,13,2.0,15,3.5,13,SEA_SNAIL_ARCTIC_SIDE_GR4_ST0_LRR5_R3_SIDE_.png
2.1,15,3.5,13,2.1,15,3.5,13,SEA_SNAIL_ARCTIC_SIDE_GR5_ST0_LRR5_R3_SIDE_.png
1.6,16,3.5,13,1.6,16,3.5,13,SEA_SNAIL_ARCTIC_SIDE_GR0_ST1_LRR5_R3_SIDE_.png
1.7,16,3.5,13,1.7,16,3.5,13,SEA_SNAIL_ARCTIC_SIDE_GR1_ST1_LRR5_R3_SIDE_.png
1.8,16,3.5,13,1.8,16,3.5,13,SEA_SNAIL_ARCTIC_SIDE_GR2_ST1_LRR5_R3_SIDE_.png
1.9,16,3.5,13,1.9,16,3.5,13,SEA_SNAIL_ARCTIC_SIDE_GR3_ST1_LRR5_R3_SIDE_.png
2.0,16,3.5,13,2.0,16,3.5,13,SEA_SNAIL_ARCTIC_SIDE_GR4_ST1_LRR5_R3_SIDE_.png
2.1,16,3.5,13,2.1,16,3.5,13,SEA_SNAIL_ARCTIC_SIDE_GR5_ST1_LRR5_R3_SIDE_.png
1.6,17,3.5,13,1.6,17,3.5,13,SEA_SNAIL_ARCTIC_SIDE_GR0_ST2_LRR5_R3_SIDE_.png
1.7,17,3.5,13,1.7,17,3.5,13,SEA_SNAIL_ARCTIC_SIDE_GR1_ST2_LRR5_R3_SIDE_.png
1.8,17,3.5,13,1.8,17,3.5,13,SEA_SNAIL_ARCTIC_SIDE_GR2_ST2_LRR5_R3_SIDE_.png
1.9,17,3.5,13,1.9,17,3.5,13,SEA_SNAIL_ARCTIC_SIDE_GR3_ST2_LRR5_R3_SIDE_.png
2.0,17,3.5,13,2.0,17,3.5,13,SEA_SNAIL_ARCTIC_SIDE_GR4_ST2_LRR5_R3_SIDE_.png
2.1,17,3.5,13,2.1,17,3.5,13,SEA_SNAIL_ARCTIC_SIDE_GR5_ST2_LRR5_R3_SIDE_.png
1.6,18,3.5,13,1.6,18,3.5,13,SEA_SNAIL_ARCTIC_SIDE_GR0_ST3_LRR5_R3_SIDE_.png
1.7,18,3.5,13,1.7,18,3.5,13,SEA_SNAIL_ARCTIC_SIDE_GR1_ST3_LRR5_R3_SIDE_.png
1.8,18,3.5,13,1.8,18,3.5,13,SEA_SNAIL_ARCTIC_SIDE_GR2_ST3_LRR5_R3_SIDE_.png
1.9,18,3.5,13,1.9,18,3.5,13,SEA_SNAIL_ARCTIC_SIDE_GR3_ST3_LRR5_R3_SIDE_.png
2.0,18,3.5,13,2.0,18,3.5,13,SEA_SNAIL_ARCTIC_SIDE_GR4_ST3_LRR5_R3_SIDE_.png
2.1,18,3.5,13,2.1,18,3.5,13,SEA_SNAIL_ARCTIC_SIDE_GR5_ST3_LRR5_R3_SIDE_.png
1.6,19,3.5,13,1.6,19,3.5,13,SEA_SNAIL_ARCTIC_SIDE_GR0_ST4_LRR5_R3_SIDE_.png
1.7,19,3.5,13,1.7,19,3.5,13,SEA_SNAIL_ARCTIC_SIDE_GR1_ST4_LRR5_R3_SIDE_.png
1.8,19,3.5,13,1.8,19,3.5,13,SEA_SNAIL_ARCTIC_SIDE_GR2_ST4_LRR5_R3_SIDE_.png
1.9,19,3.5,13,1.9,19,3.5,13,SEA_SNAIL_ARCTIC_SIDE_GR3_ST4_LRR5_R3_SIDE_.png
2.0,19,3.5,13,2.0,19,3.5,13,SEA_SNAIL_ARCTIC_SIDE_GR4_ST4_LRR5_R3_SIDE_.png
2.1,19,3.5,13,2.1,19,3.5,13,SEA_SNAIL_ARCTIC_SIDE_GR5_ST4_LRR5_R3_SIDE_.png
1.6,20,3.5,13,1.6,20,3.5,13,SEA_SNAIL_ARCTIC_SIDE_GR0_ST5_LRR5_R3_SIDE_.png
1.7,20,3.5,13,1.7,20,3.5,13,SEA_SNAIL_ARCTIC_SIDE_GR1_ST5_LRR5_R3_SIDE_.png
1.8,20,3.5,13,1.8,20,3.5,13,SEA_SNAIL_ARCTIC_SIDE_GR2_ST5_LRR5_R3_SIDE_.png
1.9,20,3.5,13,1.9,20,3.5,13,SEA_SNAIL_ARCTIC_SIDE_GR3_ST5_LRR5_R3_SIDE_.png
2.0,20,3.5,13,2.0,20,3.5,13,SEA_SNAIL_ARCTIC_SIDE_GR4_ST5_LRR5_R3_SIDE_.png
2.1,20,3.5,13,2.1,20,3.5,13,SEA_SNAIL_ARCTIC_SIDE_GR5_ST5_LRR5_R3_SIDE_.png
1.6,15,3.0,14,1.6,15,3.0,14,SEA_SNAIL_ARCTIC_SIDE_GR0_ST0_LRR0_R4_SIDE_.png
1.7,15,3.0,14,1.7,15,3.0,14,SEA_SNAIL_ARCTIC_SIDE_GR1_ST0_LRR0_R4_SIDE_.png
1.8,15,3.0,14,1.8,15,3.0,14,SEA_SNAIL_ARCTIC_SIDE_GR2_ST0_LRR0_R4_SIDE_.png
1.9,15,3.0,14,1.9,15,3.0,14,SEA_SNAIL_ARCTIC_SIDE_GR3_ST0_LRR0_R4_SIDE_.png
2.0,15,3.0,14,2.0,15,3.0,14,SEA_SNAIL_ARCTIC_SIDE_GR4_ST0_LRR0_R4_SIDE_.png
2.1,15,3.0,14,2.1,15,3.0,14,SEA_SNAIL_ARCTIC_SIDE_GR5_ST0_LRR0_R4_SIDE_.png
1.6,16,3.0,14,1.6,16,3.0,14,SEA_SNAIL_ARCTIC_SIDE_GR0_ST1_LRR0_R4_SIDE_.png
1.7,16,3.0,14,1.7,16,3.0,14,SEA_SNAIL_ARCTIC_SIDE_GR1_ST1_LRR0_R4_SIDE_.png
1.8,16,3.0,14,1.8,16,3.0,14,SEA_SNAIL_ARCTIC_SIDE_GR2_ST1_LRR0_R4_SIDE_.png
1.9,16,3.0,14,1.9,16,3.0,14,SEA_SNAIL_ARCTIC_SIDE_GR3_ST1_LRR0_R4_SIDE_.png
2.0,16,3.0,14,2.0,16,3.0,14,SEA_SNAIL_ARCTIC_SIDE_GR4_ST1_LRR0_R4_SIDE_.png
2.1,16,3.0,14,2.1,16,3.0,14,SEA_SNAIL_ARCTIC_SIDE_GR5_ST1_LRR0_R4_SIDE_.png
1.6,17,3.0,14,1.6,17,3.0,14,SEA_SNAIL_ARCTIC_SIDE_GR0_ST2_LRR0_R4_SIDE_.png
1.7,17,3.0,14,1.7,17,3.0,14,SEA_SNAIL_ARCTIC_SIDE_GR1_ST2_LRR0_R4_SIDE_.png
1.8,17,3.0,14,1.8,17,3.0,14,SEA_SNAIL_ARCTIC_SIDE_GR2_ST2_LRR0_R4_SIDE_.png
1.9,17,3.0,14,1.9,17,3.0,14,SEA_SNAIL_ARCTIC_SIDE_GR3_ST2_LRR0_R4_SIDE_.png
2.0,17,3.0,14,2.0,17,3.0,14,SEA_SNAIL_ARCTIC_SIDE_GR4_ST2_LRR0_R4_SIDE_.png
2.1,17,3.0,14,2.1,17,3.0,14,SEA_SNAIL_ARCTIC_SIDE_GR5_ST2_LRR0_R4_SIDE_.png
1.6,18,3.0,14,1.6,18,3.0,14,SEA_SNAIL_ARCTIC_SIDE_GR0_ST3_LRR0_R4_SIDE_.png
1.7,18,3.0,14,1.7,18,3.0,14,SEA_SNAIL_ARCTIC_SIDE_GR1_ST3_LRR0_R4_SIDE_.png
1.8,18,3.0,14,1.8,18,3.0,14,SEA_SNAIL_ARCTIC_SIDE_GR2_ST3_LRR0_R4_SIDE_.png
1.9,18,3.0,14,1.9,18,3.0,14,SEA_SNAIL_ARCTIC_SIDE_GR3_ST3_LRR0_R4_SIDE_.png
2.0,18,3.0,14,2.0,18,3.0,14,SEA_SNAIL_ARCTIC_SIDE_GR4_ST3_LRR0_R4_SIDE_.png
2.1,18,3.0,14,2.1,18,3.0,14,SEA_SNAIL_ARCTIC_SIDE_GR5_ST3_LRR0_R4_SIDE_.png
1.6,19,3.0,14,1.6,19,3.0,14,SEA_SNAIL_ARCTIC_SIDE_GR0_ST4_LRR0_R4_SIDE_.png
1.7,19,3.0,14,1.7,19,3.0,14,SEA_SNAIL_ARCTIC_SIDE_GR1_ST4_LRR0_R4_SIDE_.png
1.8,19,3.0,14,1.8,19,3.0,14,SEA_SNAIL_ARCTIC_SIDE_GR2_ST4_LRR0_R4_SIDE_.png
1.9,19,3.0,14,1.9,19,3.0,14,SEA_SNAIL_ARCTIC_SIDE_GR3_ST4_LRR0_R4_SIDE_.png
2.0,19,3.0,14,2.0,19,3.0,14,SEA_SNAIL_ARCTIC_SIDE_GR4_ST4_LRR0_R4_SIDE_.png
2.1,19,3.0,14,2.1,19,3.0,14,SEA_SNAIL_ARCTIC_SIDE_GR5_ST4_LRR0_R4_SIDE_.png
1.6,20,3.0,14,1.6,20,3.0,14,SEA_SNAIL_ARCTIC_SIDE_GR0_ST5_LRR0_R4_SIDE_.png
1.7,20,3.0,14,1.7,20,3.0,14,SEA_SNAIL_ARCTIC_SIDE_GR1_ST5_LRR0_R4_SIDE_.png
1.8,20,3.0,14,1.8,20,3.0,14,SEA_SNAIL_ARCTIC_SIDE_GR2_ST5_LRR0_R4_SIDE_.png
1.9,20,3.0,14,1.9,20,3.0,14,SEA_SNAIL_ARCTIC_SIDE_GR3_ST5_LRR0_R4_SIDE_.png
2.0,20,3.0,14,2.0,20,3.0,14,SEA_SNAIL_ARCTIC_SIDE_GR4_ST5_LRR0_R4_SIDE_.png
2.1,20,3.0,14,2.1,20,3.0,14,SEA_SNAIL_ARCTIC_SIDE_GR5_ST5_LRR0_R4_SIDE_.png
1.6,15,3.1,14,1.6,15,3.1,14,SEA_SNAIL_ARCTIC_SIDE_GR0_ST0_LRR1_R4_SIDE_.png
1.7,15,3.1,14,1.7,15,3.1,14,SEA_SNAIL_ARCTIC_SIDE_GR1_ST0_LRR1_R4_SIDE_.png
1.8,15,3.1,14,1.8,15,3.1,14,SEA_SNAIL_ARCTIC_SIDE_GR2_ST0_LRR1_R4_SIDE_.png
1.9,15,3.1,14,1.9,15,3.1,14,SEA_SNAIL_ARCTIC_SIDE_GR3_ST0_LRR1_R4_SIDE_.png
2.0,15,3.1,14,2.0,15,3.1,14,SEA_SNAIL_ARCTIC_SIDE_GR4_ST0_LRR1_R4_SIDE_.png
2.1,15,3.1,14,2.1,15,3.1,14,SEA_SNAIL_ARCTIC_SIDE_GR5_ST0_LRR1_R4_SIDE_.png
1.6,16,3.1,14,1.6,16,3.1,14,SEA_SNAIL_ARCTIC_SIDE_GR0_ST1_LRR1_R4_SIDE_.png
1.7,16,3.1,14,1.7,16,3.1,14,SEA_SNAIL_ARCTIC_SIDE_GR1_ST1_LRR1_R4_SIDE_.png
1.8,16,3.1,14,1.8,16,3.1,14,SEA_SNAIL_ARCTIC_SIDE_GR2_ST1_LRR1_R4_SIDE_.png
1.9,16,3.1,14,1.9,16,3.1,14,SEA_SNAIL_ARCTIC_SIDE_GR3_ST1_LRR1_R4_SIDE_.png
2.0,16,3.1,14,2.0,16,3.1,14,SEA_SNAIL_ARCTIC_SIDE_GR4_ST1_LRR1_R4_SIDE_.png
2.1,16,3.1,14,2.1,16,3.1,14,SEA_SNAIL_ARCTIC_SIDE_GR5_ST1_LRR1_R4_SIDE_.png
1.6,17,3.1,14,1.6,17,3.1,14,SEA_SNAIL_ARCTIC_SIDE_GR0_ST2_LRR1_R4_SIDE_.png
1.7,17,3.1,14,1.7,17,3.1,14,SEA_SNAIL_ARCTIC_SIDE_GR1_ST2_LRR1_R4_SIDE_.png
1.8,17,3.1,14,1.8,17,3.1,14,SEA_SNAIL_ARCTIC_SIDE_GR2_ST2_LRR1_R4_SIDE_.png
1.9,17,3.1,14,1.9,17,3.1,14,SEA_SNAIL_ARCTIC_SIDE_GR3_ST2_LRR1_R4_SIDE_.png
2.0,17,3.1,14,2.0,17,3.1,14,SEA_SNAIL_ARCTIC_SIDE_GR4_ST2_LRR1_R4_SIDE_.png
2.1,17,3.1,14,2.1,17,3.1,14,SEA_SNAIL_ARCTIC_SIDE_GR5_ST2_LRR1_R4_SIDE_.png
1.6,18,3.1,14,1.6,18,3.1,14,SEA_SNAIL_ARCTIC_SIDE_GR0_ST3_LRR1_R4_SIDE_.png
1.7,18,3.1,14,1.7,18,3.1,14,SEA_SNAIL_ARCTIC_SIDE_GR1_ST3_LRR1_R4_SIDE_.png
1.8,18,3.1,14,1.8,18,3.1,14,SEA_SNAIL_ARCTIC_SIDE_GR2_ST3_LRR1_R4_SIDE_.png
1.9,18,3.1,14,1.9,18,3.1,14,SEA_SNAIL_ARCTIC_SIDE_GR3_ST3_LRR1_R4_SIDE_.png
2.0,18,3.1,14,2.0,18,3.1,14,SEA_SNAIL_ARCTIC_SIDE_GR4_ST3_LRR1_R4_SIDE_.png
2.1,18,3.1,14,2.1,18,3.1,14,SEA_SNAIL_ARCTIC_SIDE_GR5_ST3_LRR1_R4_SIDE_.png
1.6,19,3.1,14,1.6,19,3.1,14,SEA_SNAIL_ARCTIC_SIDE_GR0_ST4_LRR1_R4_SIDE_.png
1.7,19,3.1,14,1.7,19,3.1,14,SEA_SNAIL_ARCTIC_SIDE_GR1_ST4_LRR1_R4_SIDE_.png
1.8,19,3.1,14,1.8,19,3.1,14,SEA_SNAIL_ARCTIC_SIDE_GR2_ST4_LRR1_R4_SIDE_.png
1.9,19,3.1,14,1.9,19,3.1,14,SEA_SNAIL_ARCTIC_SIDE_GR3_ST4_LRR1_R4_SIDE_.png
2.0,19,3.1,14,2.0,19,3.1,14,SEA_SNAIL_ARCTIC_SIDE_GR4_ST4_LRR1_R4_SIDE_.png
2.1,19,3.1,14,2.1,19,3.1,14,SEA_SNAIL_ARCTIC_SIDE_GR5_ST4_LRR1_R4_SIDE_.png
1.6,20,3.1,14,1.6,20,3.1,14,SEA_SNAIL_ARCTIC_SIDE_GR0_ST5_LRR1_R4_SIDE_.png
1.7,20,3.1,14,1.7,20,3.1,14,SEA_SNAIL_ARCTIC_SIDE_GR1_ST5_LRR1_R4_SIDE_.png
1.8,20,3.1,14,1.8,20,3.1,14,SEA_SNAIL_ARCTIC_SIDE_GR2_ST5_LRR1_R4_SIDE_.png
1.9,20,3.1,14,1.9,20,3.1,14,SEA_SNAIL_ARCTIC_SIDE_GR3_ST5_LRR1_R4_SIDE_.png
2.0,20,3.1,14,2.0,20,3.1,14,SEA_SNAIL_ARCTIC_SIDE_GR4_ST5_LRR1_R4_SIDE_.png
2.1,20,3.1,14,2.1,20,3.1,14,SEA_SNAIL_ARCTIC_SIDE_GR5_ST5_LRR1_R4_SIDE_.png
1.6,15,3.2,14,1.6,15,3.2,14,SEA_SNAIL_ARCTIC_SIDE_GR0_ST0_LRR2_R4_SIDE_.png
1.7,15,3.2,14,1.7,15,3.2,14,SEA_SNAIL_ARCTIC_SIDE_GR1_ST0_LRR2_R4_SIDE_.png
1.8,15,3.2,14,1.8,15,3.2,14,SEA_SNAIL_ARCTIC_SIDE_GR2_ST0_LRR2_R4_SIDE_.png
1.9,15,3.2,14,1.9,15,3.2,14,SEA_SNAIL_ARCTIC_SIDE_GR3_ST0_LRR2_R4_SIDE_.png
2.0,15,3.2,14,2.0,15,3.2,14,SEA_SNAIL_ARCTIC_SIDE_GR4_ST0_LRR2_R4_SIDE_.png
2.1,15,3.2,14,2.1,15,3.2,14,SEA_SNAIL_ARCTIC_SIDE_GR5_ST0_LRR2_R4_SIDE_.png
1.6,16,3.2,14,1.6,16,3.2,14,SEA_SNAIL_ARCTIC_SIDE_GR0_ST1_LRR2_R4_SIDE_.png
1.7,16,3.2,14,1.7,16,3.2,14,SEA_SNAIL_ARCTIC_SIDE_GR1_ST1_LRR2_R4_SIDE_.png
1.8,16,3.2,14,1.8,16,3.2,14,SEA_SNAIL_ARCTIC_SIDE_GR2_ST1_LRR2_R4_SIDE_.png
1.9,16,3.2,14,1.9,16,3.2,14,SEA_SNAIL_ARCTIC_SIDE_GR3_ST1_LRR2_R4_SIDE_.png
2.0,16,3.2,14,2.0,16,3.2,14,SEA_SNAIL_ARCTIC_SIDE_GR4_ST1_LRR2_R4_SIDE_.png
2.1,16,3.2,14,2.1,16,3.2,14,SEA_SNAIL_ARCTIC_SIDE_GR5_ST1_LRR2_R4_SIDE_.png
1.6,17,3.2,14,1.6,17,3.2,14,SEA_SNAIL_ARCTIC_SIDE_GR0_ST2_LRR2_R4_SIDE_.png
1.7,17,3.2,14,1.7,17,3.2,14,SEA_SNAIL_ARCTIC_SIDE_GR1_ST2_LRR2_R4_SIDE_.png
1.8,17,3.2,14,1.8,17,3.2,14,SEA_SNAIL_ARCTIC_SIDE_GR2_ST2_LRR2_R4_SIDE_.png
1.9,17,3.2,14,1.9,17,3.2,14,SEA_SNAIL_ARCTIC_SIDE_GR3_ST2_LRR2_R4_SIDE_.png
2.0,17,3.2,14,2.0,17,3.2,14,SEA_SNAIL_ARCTIC_SIDE_GR4_ST2_LRR2_R4_SIDE_.png
2.1,17,3.2,14,2.1,17,3.2,14,SEA_SNAIL_ARCTIC_SIDE_GR5_ST2_LRR2_R4_SIDE_.png
1.6,18,3.2,14,1.6,18,3.2,14,SEA_SNAIL_ARCTIC_SIDE_GR0_ST3_LRR2_R4_SIDE_.png
1.7,18,3.2,14,1.7,18,3.2,14,SEA_SNAIL_ARCTIC_SIDE_GR1_ST3_LRR2_R4_SIDE_.png
1.8,18,3.2,14,1.8,18,3.2,14,SEA_SNAIL_ARCTIC_SIDE_GR2_ST3_LRR2_R4_SIDE_.png
1.9,18,3.2,14,1.9,18,3.2,14,SEA_SNAIL_ARCTIC_SIDE_GR3_ST3_LRR2_R4_SIDE_.png
2.0,18,3.2,14,2.0,18,3.2,14,SEA_SNAIL_ARCTIC_SIDE_GR4_ST3_LRR2_R4_SIDE_.png
2.1,18,3.2,14,2.1,18,3.2,14,SEA_SNAIL_ARCTIC_SIDE_GR5_ST3_LRR2_R4_SIDE_.png
1.6,19,3.2,14,1.6,19,3.2,14,SEA_SNAIL_ARCTIC_SIDE_GR0_ST4_LRR2_R4_SIDE_.png
1.7,19,3.2,14,1.7,19,3.2,14,SEA_SNAIL_ARCTIC_SIDE_GR1_ST4_LRR2_R4_SIDE_.png
1.8,19,3.2,14,1.8,19,3.2,14,SEA_SNAIL_ARCTIC_SIDE_GR2_ST4_LRR2_R4_SIDE_.png
1.9,19,3.2,14,1.9,19,3.2,14,SEA_SNAIL_ARCTIC_SIDE_GR3_ST4_LRR2_R4_SIDE_.png
2.0,19,3.2,14,2.0,19,3.2,14,SEA_SNAIL_ARCTIC_SIDE_GR4_ST4_LRR2_R4_SIDE_.png
2.1,19,3.2,14,2.1,19,3.2,14,SEA_SNAIL_ARCTIC_SIDE_GR5_ST4_LRR2_R4_SIDE_.png
1.6,20,3.2,14,1.6,20,3.2,14,SEA_SNAIL_ARCTIC_SIDE_GR0_ST5_LRR2_R4_SIDE_.png
1.7,20,3.2,14,1.7,20,3.2,14,SEA_SNAIL_ARCTIC_SIDE_GR1_ST5_LRR2_R4_SIDE_.png
1.8,20,3.2,14,1.8,20,3.2,14,SEA_SNAIL_ARCTIC_SIDE_GR2_ST5_LRR2_R4_SIDE_.png
1.9,20,3.2,14,1.9,20,3.2,14,SEA_SNAIL_ARCTIC_SIDE_GR3_ST5_LRR2_R4_SIDE_.png
2.0,20,3.2,14,2.0,20,3.2,14,SEA_SNAIL_ARCTIC_SIDE_GR4_ST5_LRR2_R4_SIDE_.png
2.1,20,3.2,14,2.1,20,3.2,14,SEA_SNAIL_ARCTIC_SIDE_GR5_ST5_LRR2_R4_SIDE_.png
1.6,15,3.3,14,1.6,15,3.3,14,SEA_SNAIL_ARCTIC_SIDE_GR0_ST0_LRR3_R4_SIDE_.png
1.7,15,3.3,14,1.7,15,3.3,14,SEA_SNAIL_ARCTIC_SIDE_GR1_ST0_LRR3_R4_SIDE_.png
1.8,15,3.3,14,1.8,15,3.3,14,SEA_SNAIL_ARCTIC_SIDE_GR2_ST0_LRR3_R4_SIDE_.png
1.9,15,3.3,14,1.9,15,3.3,14,SEA_SNAIL_ARCTIC_SIDE_GR3_ST0_LRR3_R4_SIDE_.png
2.0,15,3.3,14,2.0,15,3.3,14,SEA_SNAIL_ARCTIC_SIDE_GR4_ST0_LRR3_R4_SIDE_.png
2.1,15,3.3,14,2.1,15,3.3,14,SEA_SNAIL_ARCTIC_SIDE_GR5_ST0_LRR3_R4_SIDE_.png
1.6,16,3.3,14,1.6,16,3.3,14,SEA_SNAIL_ARCTIC_SIDE_GR0_ST1_LRR3_R4_SIDE_.png
1.7,16,3.3,14,1.7,16,3.3,14,SEA_SNAIL_ARCTIC_SIDE_GR1_ST1_LRR3_R4_SIDE_.png
1.8,16,3.3,14,1.8,16,3.3,14,SEA_SNAIL_ARCTIC_SIDE_GR2_ST1_LRR3_R4_SIDE_.png
1.9,16,3.3,14,1.9,16,3.3,14,SEA_SNAIL_ARCTIC_SIDE_GR3_ST1_LRR3_R4_SIDE_.png
2.0,16,3.3,14,2.0,16,3.3,14,SEA_SNAIL_ARCTIC_SIDE_GR4_ST1_LRR3_R4_SIDE_.png
2.1,16,3.3,14,2.1,16,3.3,14,SEA_SNAIL_ARCTIC_SIDE_GR5_ST1_LRR3_R4_SIDE_.png
1.6,17,3.3,14,1.6,17,3.3,14,SEA_SNAIL_ARCTIC_SIDE_GR0_ST2_LRR3_R4_SIDE_.png
1.7,17,3.3,14,1.7,17,3.3,14,SEA_SNAIL_ARCTIC_SIDE_GR1_ST2_LRR3_R4_SIDE_.png
1.8,17,3.3,14,1.8,17,3.3,14,SEA_SNAIL_ARCTIC_SIDE_GR2_ST2_LRR3_R4_SIDE_.png
1.9,17,3.3,14,1.9,17,3.3,14,SEA_SNAIL_ARCTIC_SIDE_GR3_ST2_LRR3_R4_SIDE_.png
2.0,17,3.3,14,2.0,17,3.3,14,SEA_SNAIL_ARCTIC_SIDE_GR4_ST2_LRR3_R4_SIDE_.png
2.1,17,3.3,14,2.1,17,3.3,14,SEA_SNAIL_ARCTIC_SIDE_GR5_ST2_LRR3_R4_SIDE_.png
1.6,18,3.3,14,1.6,18,3.3,14,SEA_SNAIL_ARCTIC_SIDE_GR0_ST3_LRR3_R4_SIDE_.png
1.7,18,3.3,14,1.7,18,3.3,14,SEA_SNAIL_ARCTIC_SIDE_GR1_ST3_LRR3_R4_SIDE_.png
1.8,18,3.3,14,1.8,18,3.3,14,SEA_SNAIL_ARCTIC_SIDE_GR2_ST3_LRR3_R4_SIDE_.png
1.9,18,3.3,14,1.9,18,3.3,14,SEA_SNAIL_ARCTIC_SIDE_GR3_ST3_LRR3_R4_SIDE_.png
2.0,18,3.3,14,2.0,18,3.3,14,SEA_SNAIL_ARCTIC_SIDE_GR4_ST3_LRR3_R4_SIDE_.png
2.1,18,3.3,14,2.1,18,3.3,14,SEA_SNAIL_ARCTIC_SIDE_GR5_ST3_LRR3_R4_SIDE_.png
1.6,19,3.3,14,1.6,19,3.3,14,SEA_SNAIL_ARCTIC_SIDE_GR0_ST4_LRR3_R4_SIDE_.png
1.7,19,3.3,14,1.7,19,3.3,14,SEA_SNAIL_ARCTIC_SIDE_GR1_ST4_LRR3_R4_SIDE_.png
1.8,19,3.3,14,1.8,19,3.3,14,SEA_SNAIL_ARCTIC_SIDE_GR2_ST4_LRR3_R4_SIDE_.png
1.9,19,3.3,14,1.9,19,3.3,14,SEA_SNAIL_ARCTIC_SIDE_GR3_ST4_LRR3_R4_SIDE_.png
2.0,19,3.3,14,2.0,19,3.3,14,SEA_SNAIL_ARCTIC_SIDE_GR4_ST4_LRR3_R4_SIDE_.png
2.1,19,3.3,14,2.1,19,3.3,14,SEA_SNAIL_ARCTIC_SIDE_GR5_ST4_LRR3_R4_SIDE_.png
1.6,20,3.3,14,1.6,20,3.3,14,SEA_SNAIL_ARCTIC_SIDE_GR0_ST5_LRR3_R4_SIDE_.png
1.7,20,3.3,14,1.7,20,3.3,14,SEA_SNAIL_ARCTIC_SIDE_GR1_ST5_LRR3_R4_SIDE_.png
1.8,20,3.3,14,1.8,20,3.3,14,SEA_SNAIL_ARCTIC_SIDE_GR2_ST5_LRR3_R4_SIDE_.png
1.9,20,3.3,14,1.9,20,3.3,14,SEA_SNAIL_ARCTIC_SIDE_GR3_ST5_LRR3_R4_SIDE_.png
2.0,20,3.3,14,2.0,20,3.3,14,SEA_SNAIL_ARCTIC_SIDE_GR4_ST5_LRR3_R4_SIDE_.png
2.1,20,3.3,14,2.1,20,3.3,14,SEA_SNAIL_ARCTIC_SIDE_GR5_ST5_LRR3_R4_SIDE_.png
1.6,15,3.4,14,1.6,15,3.4,14,SEA_SNAIL_ARCTIC_SIDE_GR0_ST0_LRR4_R4_SIDE_.png
1.7,15,3.4,14,1.7,15,3.4,14,SEA_SNAIL_ARCTIC_SIDE_GR1_ST0_LRR4_R4_SIDE_.png
1.8,15,3.4,14,1.8,15,3.4,14,SEA_SNAIL_ARCTIC_SIDE_GR2_ST0_LRR4_R4_SIDE_.png
1.9,15,3.4,14,1.9,15,3.4,14,SEA_SNAIL_ARCTIC_SIDE_GR3_ST0_LRR4_R4_SIDE_.png
2.0,15,3.4,14,2.0,15,3.4,14,SEA_SNAIL_ARCTIC_SIDE_GR4_ST0_LRR4_R4_SIDE_.png
2.1,15,3.4,14,2.1,15,3.4,14,SEA_SNAIL_ARCTIC_SIDE_GR5_ST0_LRR4_R4_SIDE_.png
1.6,16,3.4,14,1.6,16,3.4,14,SEA_SNAIL_ARCTIC_SIDE_GR0_ST1_LRR4_R4_SIDE_.png
1.7,16,3.4,14,1.7,16,3.4,14,SEA_SNAIL_ARCTIC_SIDE_GR1_ST1_LRR4_R4_SIDE_.png
1.8,16,3.4,14,1.8,16,3.4,14,SEA_SNAIL_ARCTIC_SIDE_GR2_ST1_LRR4_R4_SIDE_.png
1.9,16,3.4,14,1.9,16,3.4,14,SEA_SNAIL_ARCTIC_SIDE_GR3_ST1_LRR4_R4_SIDE_.png
2.0,16,3.4,14,2.0,16,3.4,14,SEA_SNAIL_ARCTIC_SIDE_GR4_ST1_LRR4_R4_SIDE_.png
2.1,16,3.4,14,2.1,16,3.4,14,SEA_SNAIL_ARCTIC_SIDE_GR5_ST1_LRR4_R4_SIDE_.png
1.6,17,3.4,14,1.6,17,3.4,14,SEA_SNAIL_ARCTIC_SIDE_GR0_ST2_LRR4_R4_SIDE_.png
1.7,17,3.4,14,1.7,17,3.4,14,SEA_SNAIL_ARCTIC_SIDE_GR1_ST2_LRR4_R4_SIDE_.png
1.8,17,3.4,14,1.8,17,3.4,14,SEA_SNAIL_ARCTIC_SIDE_GR2_ST2_LRR4_R4_SIDE_.png
1.9,17,3.4,14,1.9,17,3.4,14,SEA_SNAIL_ARCTIC_SIDE_GR3_ST2_LRR4_R4_SIDE_.png
2.0,17,3.4,14,2.0,17,3.4,14,SEA_SNAIL_ARCTIC_SIDE_GR4_ST2_LRR4_R4_SIDE_.png
2.1,17,3.4,14,2.1,17,3.4,14,SEA_SNAIL_ARCTIC_SIDE_GR5_ST2_LRR4_R4_SIDE_.png
1.6,18,3.4,14,1.6,18,3.4,14,SEA_SNAIL_ARCTIC_SIDE_GR0_ST3_LRR4_R4_SIDE_.png
1.7,18,3.4,14,1.7,18,3.4,14,SEA_SNAIL_ARCTIC_SIDE_GR1_ST3_LRR4_R4_SIDE_.png
1.8,18,3.4,14,1.8,18,3.4,14,SEA_SNAIL_ARCTIC_SIDE_GR2_ST3_LRR4_R4_SIDE_.png
1.9,18,3.4,14,1.9,18,3.4,14,SEA_SNAIL_ARCTIC_SIDE_GR3_ST3_LRR4_R4_SIDE_.png
2.0,18,3.4,14,2.0,18,3.4,14,SEA_SNAIL_ARCTIC_SIDE_GR4_ST3_LRR4_R4_SIDE_.png
2.1,18,3.4,14,2.1,18,3.4,14,SEA_SNAIL_ARCTIC_SIDE_GR5_ST3_LRR4_R4_SIDE_.png
1.6,19,3.4,14,1.6,19,3.4,14,SEA_SNAIL_ARCTIC_SIDE_GR0_ST4_LRR4_R4_SIDE_.png
1.7,19,3.4,14,1.7,19,3.4,14,SEA_SNAIL_ARCTIC_SIDE_GR1_ST4_LRR4_R4_SIDE_.png
1.8,19,3.4,14,1.8,19,3.4,14,SEA_SNAIL_ARCTIC_SIDE_GR2_ST4_LRR4_R4_SIDE_.png
1.9,19,3.4,14,1.9,19,3.4,14,SEA_SNAIL_ARCTIC_SIDE_GR3_ST4_LRR4_R4_SIDE_.png
2.0,19,3.4,14,2.0,19,3.4,14,SEA_SNAIL_ARCTIC_SIDE_GR4_ST4_LRR4_R4_SIDE_.png
2.1,19,3.4,14,2.1,19,3.4,14,SEA_SNAIL_ARCTIC_SIDE_GR5_ST4_LRR4_R4_SIDE_.png
1.6,20,3.4,14,1.6,20,3.4,14,SEA_SNAIL_ARCTIC_SIDE_GR0_ST5_LRR4_R4_SIDE_.png
1.7,20,3.4,14,1.7,20,3.4,14,SEA_SNAIL_ARCTIC_SIDE_GR1_ST5_LRR4_R4_SIDE_.png
1.8,20,3.4,14,1.8,20,3.4,14,SEA_SNAIL_ARCTIC_SIDE_GR2_ST5_LRR4_R4_SIDE_.png
1.9,20,3.4,14,1.9,20,3.4,14,SEA_SNAIL_ARCTIC_SIDE_GR3_ST5_LRR4_R4_SIDE_.png
2.0,20,3.4,14,2.0,20,3.4,14,SEA_SNAIL_ARCTIC_SIDE_GR4_ST5_LRR4_R4_SIDE_.png
2.1,20,3.4,14,2.1,20,3.4,14,SEA_SNAIL_ARCTIC_SIDE_GR5_ST5_LRR4_R4_SIDE_.png
1.6,15,3.5,14,1.6,15,3.5,14,SEA_SNAIL_ARCTIC_SIDE_GR0_ST0_LRR5_R4_SIDE_.png
1.7,15,3.5,14,1.7,15,3.5,14,SEA_SNAIL_ARCTIC_SIDE_GR1_ST0_LRR5_R4_SIDE_.png
1.8,15,3.5,14,1.8,15,3.5,14,SEA_SNAIL_ARCTIC_SIDE_GR2_ST0_LRR5_R4_SIDE_.png
1.9,15,3.5,14,1.9,15,3.5,14,SEA_SNAIL_ARCTIC_SIDE_GR3_ST0_LRR5_R4_SIDE_.png
2.0,15,3.5,14,2.0,15,3.5,14,SEA_SNAIL_ARCTIC_SIDE_GR4_ST0_LRR5_R4_SIDE_.png
2.1,15,3.5,14,2.1,15,3.5,14,SEA_SNAIL_ARCTIC_SIDE_GR5_ST0_LRR5_R4_SIDE_.png
1.6,16,3.5,14,1.6,16,3.5,14,SEA_SNAIL_ARCTIC_SIDE_GR0_ST1_LRR5_R4_SIDE_.png
1.7,16,3.5,14,1.7,16,3.5,14,SEA_SNAIL_ARCTIC_SIDE_GR1_ST1_LRR5_R4_SIDE_.png
1.8,16,3.5,14,1.8,16,3.5,14,SEA_SNAIL_ARCTIC_SIDE_GR2_ST1_LRR5_R4_SIDE_.png
1.9,16,3.5,14,1.9,16,3.5,14,SEA_SNAIL_ARCTIC_SIDE_GR3_ST1_LRR5_R4_SIDE_.png
2.0,16,3.5,14,2.0,16,3.5,14,SEA_SNAIL_ARCTIC_SIDE_GR4_ST1_LRR5_R4_SIDE_.png
2.1,16,3.5,14,2.1,16,3.5,14,SEA_SNAIL_ARCTIC_SIDE_GR5_ST1_LRR5_R4_SIDE_.png
1.6,17,3.5,14,1.6,17,3.5,14,SEA_SNAIL_ARCTIC_SIDE_GR0_ST2_LRR5_R4_SIDE_.png
1.7,17,3.5,14,1.7,17,3.5,14,SEA_SNAIL_ARCTIC_SIDE_GR1_ST2_LRR5_R4_SIDE_.png
1.8,17,3.5,14,1.8,17,3.5,14,SEA_SNAIL_ARCTIC_SIDE_GR2_ST2_LRR5_R4_SIDE_.png
1.9,17,3.5,14,1.9,17,3.5,14,SEA_SNAIL_ARCTIC_SIDE_GR3_ST2_LRR5_R4_SIDE_.png
2.0,17,3.5,14,2.0,17,3.5,14,SEA_SNAIL_ARCTIC_SIDE_GR4_ST2_LRR5_R4_SIDE_.png
2.1,17,3.5,14,2.1,17,3.5,14,SEA_SNAIL_ARCTIC_SIDE_GR5_ST2_LRR5_R4_SIDE_.png
1.6,18,3.5,14,1.6,18,3.5,14,SEA_SNAIL_ARCTIC_SIDE_GR0_ST3_LRR5_R4_SIDE_.png
1.7,18,3.5,14,1.7,18,3.5,14,SEA_SNAIL_ARCTIC_SIDE_GR1_ST3_LRR5_R4_SIDE_.png
1.8,18,3.5,14,1.8,18,3.5,14,SEA_SNAIL_ARCTIC_SIDE_GR2_ST3_LRR5_R4_SIDE_.png
1.9,18,3.5,14,1.9,18,3.5,14,SEA_SNAIL_ARCTIC_SIDE_GR3_ST3_LRR5_R4_SIDE_.png
2.0,18,3.5,14,2.0,18,3.5,14,SEA_SNAIL_ARCTIC_SIDE_GR4_ST3_LRR5_R4_SIDE_.png
2.1,18,3.5,14,2.1,18,3.5,14,SEA_SNAIL_ARCTIC_SIDE_GR5_ST3_LRR5_R4_SIDE_.png
1.6,19,3.5,14,1.6,19,3.5,14,SEA_SNAIL_ARCTIC_SIDE_GR0_ST4_LRR5_R4_SIDE_.png
1.7,19,3.5,14,1.7,19,3.5,14,SEA_SNAIL_ARCTIC_SIDE_GR1_ST4_LRR5_R4_SIDE_.png
1.8,19,3.5,14,1.8,19,3.5,14,SEA_SNAIL_ARCTIC_SIDE_GR2_ST4_LRR5_R4_SIDE_.png
1.9,19,3.5,14,1.9,19,3.5,14,SEA_SNAIL_ARCTIC_SIDE_GR3_ST4_LRR5_R4_SIDE_.png
2.0,19,3.5,14,2.0,19,3.5,14,SEA_SNAIL_ARCTIC_SIDE_GR4_ST4_LRR5_R4_SIDE_.png
2.1,19,3.5,14,2.1,19,3.5,14,SEA_SNAIL_ARCTIC_SIDE_GR5_ST4_LRR5_R4_SIDE_.png
1.6,20,3.5,14,1.6,20,3.5,14,SEA_SNAIL_ARCTIC_SIDE_GR0_ST5_LRR5_R4_SIDE_.png
1.7,20,3.5,14,1.7,20,3.5,14,SEA_SNAIL_ARCTIC_SIDE_GR1_ST5_LRR5_R4_SIDE_.png
1.8,20,3.5,14,1.8,20,3.5,14,SEA_SNAIL_ARCTIC_SIDE_GR2_ST5_LRR5_R4_SIDE_.png
1.9,20,3.5,14,1.9,20,3.5,14,SEA_SNAIL_ARCTIC_SIDE_GR3_ST5_LRR5_R4_SIDE_.png
2.0,20,3.5,14,2.0,20,3.5,14,SEA_SNAIL_ARCTIC_SIDE_GR4_ST5_LRR5_R4_SIDE_.png
2.1,20,3.5,14,2.1,20,3.5,14,SEA_SNAIL_ARCTIC_SIDE_GR5_ST5_LRR5_R4_SIDE_.png
1.6,15,3.0,15,1.6,15,3.0,15,SEA_SNAIL_ARCTIC_SIDE_GR0_ST0_LRR0_R5_SIDE_.png
1.7,15,3.0,15,1.7,15,3.0,15,SEA_SNAIL_ARCTIC_SIDE_GR1_ST0_LRR0_R5_SIDE_.png
1.8,15,3.0,15,1.8,15,3.0,15,SEA_SNAIL_ARCTIC_SIDE_GR2_ST0_LRR0_R5_SIDE_.png
1.9,15,3.0,15,1.9,15,3.0,15,SEA_SNAIL_ARCTIC_SIDE_GR3_ST0_LRR0_R5_SIDE_.png
2.0,15,3.0,15,2.0,15,3.0,15,SEA_SNAIL_ARCTIC_SIDE_GR4_ST0_LRR0_R5_SIDE_.png
2.1,15,3.0,15,2.1,15,3.0,15,SEA_SNAIL_ARCTIC_SIDE_GR5_ST0_LRR0_R5_SIDE_.png
1.6,16,3.0,15,1.6,16,3.0,15,SEA_SNAIL_ARCTIC_SIDE_GR0_ST1_LRR0_R5_SIDE_.png
1.7,16,3.0,15,1.7,16,3.0,15,SEA_SNAIL_ARCTIC_SIDE_GR1_ST1_LRR0_R5_SIDE_.png
1.8,16,3.0,15,1.8,16,3.0,15,SEA_SNAIL_ARCTIC_SIDE_GR2_ST1_LRR0_R5_SIDE_.png
1.9,16,3.0,15,1.9,16,3.0,15,SEA_SNAIL_ARCTIC_SIDE_GR3_ST1_LRR0_R5_SIDE_.png
2.0,16,3.0,15,2.0,16,3.0,15,SEA_SNAIL_ARCTIC_SIDE_GR4_ST1_LRR0_R5_SIDE_.png
2.1,16,3.0,15,2.1,16,3.0,15,SEA_SNAIL_ARCTIC_SIDE_GR5_ST1_LRR0_R5_SIDE_.png
1.6,17,3.0,15,1.6,17,3.0,15,SEA_SNAIL_ARCTIC_SIDE_GR0_ST2_LRR0_R5_SIDE_.png
1.7,17,3.0,15,1.7,17,3.0,15,SEA_SNAIL_ARCTIC_SIDE_GR1_ST2_LRR0_R5_SIDE_.png
1.8,17,3.0,15,1.8,17,3.0,15,SEA_SNAIL_ARCTIC_SIDE_GR2_ST2_LRR0_R5_SIDE_.png
1.9,17,3.0,15,1.9,17,3.0,15,SEA_SNAIL_ARCTIC_SIDE_GR3_ST2_LRR0_R5_SIDE_.png
2.0,17,3.0,15,2.0,17,3.0,15,SEA_SNAIL_ARCTIC_SIDE_GR4_ST2_LRR0_R5_SIDE_.png
2.1,17,3.0,15,2.1,17,3.0,15,SEA_SNAIL_ARCTIC_SIDE_GR5_ST2_LRR0_R5_SIDE_.png
1.6,18,3.0,15,1.6,18,3.0,15,SEA_SNAIL_ARCTIC_SIDE_GR0_ST3_LRR0_R5_SIDE_.png
1.7,18,3.0,15,1.7,18,3.0,15,SEA_SNAIL_ARCTIC_SIDE_GR1_ST3_LRR0_R5_SIDE_.png
1.8,18,3.0,15,1.8,18,3.0,15,SEA_SNAIL_ARCTIC_SIDE_GR2_ST3_LRR0_R5_SIDE_.png
1.9,18,3.0,15,1.9,18,3.0,15,SEA_SNAIL_ARCTIC_SIDE_GR3_ST3_LRR0_R5_SIDE_.png
2.0,18,3.0,15,2.0,18,3.0,15,SEA_SNAIL_ARCTIC_SIDE_GR4_ST3_LRR0_R5_SIDE_.png
2.1,18,3.0,15,2.1,18,3.0,15,SEA_SNAIL_ARCTIC_SIDE_GR5_ST3_LRR0_R5_SIDE_.png
1.6,19,3.0,15,1.6,19,3.0,15,SEA_SNAIL_ARCTIC_SIDE_GR0_ST4_LRR0_R5_SIDE_.png
1.7,19,3.0,15,1.7,19,3.0,15,SEA_SNAIL_ARCTIC_SIDE_GR1_ST4_LRR0_R5_SIDE_.png
1.8,19,3.0,15,1.8,19,3.0,15,SEA_SNAIL_ARCTIC_SIDE_GR2_ST4_LRR0_R5_SIDE_.png
1.9,19,3.0,15,1.9,19,3.0,15,SEA_SNAIL_ARCTIC_SIDE_GR3_ST4_LRR0_R5_SIDE_.png
2.0,19,3.0,15,2.0,19,3.0,15,SEA_SNAIL_ARCTIC_SIDE_GR4_ST4_LRR0_R5_SIDE_.png
2.1,19,3.0,15,2.1,19,3.0,15,SEA_SNAIL_ARCTIC_SIDE_GR5_ST4_LRR0_R5_SIDE_.png
1.6,20,3.0,15,1.6,20,3.0,15,SEA_SNAIL_ARCTIC_SIDE_GR0_ST5_LRR0_R5_SIDE_.png
1.7,20,3.0,15,1.7,20,3.0,15,SEA_SNAIL_ARCTIC_SIDE_GR1_ST5_LRR0_R5_SIDE_.png
1.8,20,3.0,15,1.8,20,3.0,15,SEA_SNAIL_ARCTIC_SIDE_GR2_ST5_LRR0_R5_SIDE_.png
1.9,20,3.0,15,1.9,20,3.0,15,SEA_SNAIL_ARCTIC_SIDE_GR3_ST5_LRR0_R5_SIDE_.png
2.0,20,3.0,15,2.0,20,3.0,15,SEA_SNAIL_ARCTIC_SIDE_GR4_ST5_LRR0_R5_SIDE_.png
2.1,20,3.0,15,2.1,20,3.0,15,SEA_SNAIL_ARCTIC_SIDE_GR5_ST5_LRR0_R5_SIDE_.png
1.6,15,3.1,15,1.6,15,3.1,15,SEA_SNAIL_ARCTIC_SIDE_GR0_ST0_LRR1_R5_SIDE_.png
1.7,15,3.1,15,1.7,15,3.1,15,SEA_SNAIL_ARCTIC_SIDE_GR1_ST0_LRR1_R5_SIDE_.png
1.8,15,3.1,15,1.8,15,3.1,15,SEA_SNAIL_ARCTIC_SIDE_GR2_ST0_LRR1_R5_SIDE_.png
1.9,15,3.1,15,1.9,15,3.1,15,SEA_SNAIL_ARCTIC_SIDE_GR3_ST0_LRR1_R5_SIDE_.png
2.0,15,3.1,15,2.0,15,3.1,15,SEA_SNAIL_ARCTIC_SIDE_GR4_ST0_LRR1_R5_SIDE_.png
2.1,15,3.1,15,2.1,15,3.1,15,SEA_SNAIL_ARCTIC_SIDE_GR5_ST0_LRR1_R5_SIDE_.png
1.6,16,3.1,15,1.6,16,3.1,15,SEA_SNAIL_ARCTIC_SIDE_GR0_ST1_LRR1_R5_SIDE_.png
1.7,16,3.1,15,1.7,16,3.1,15,SEA_SNAIL_ARCTIC_SIDE_GR1_ST1_LRR1_R5_SIDE_.png
1.8,16,3.1,15,1.8,16,3.1,15,SEA_SNAIL_ARCTIC_SIDE_GR2_ST1_LRR1_R5_SIDE_.png
1.9,16,3.1,15,1.9,16,3.1,15,SEA_SNAIL_ARCTIC_SIDE_GR3_ST1_LRR1_R5_SIDE_.png
2.0,16,3.1,15,2.0,16,3.1,15,SEA_SNAIL_ARCTIC_SIDE_GR4_ST1_LRR1_R5_SIDE_.png
2.1,16,3.1,15,2.1,16,3.1,15,SEA_SNAIL_ARCTIC_SIDE_GR5_ST1_LRR1_R5_SIDE_.png
1.6,17,3.1,15,1.6,17,3.1,15,SEA_SNAIL_ARCTIC_SIDE_GR0_ST2_LRR1_R5_SIDE_.png
1.7,17,3.1,15,1.7,17,3.1,15,SEA_SNAIL_ARCTIC_SIDE_GR1_ST2_LRR1_R5_SIDE_.png
1.8,17,3.1,15,1.8,17,3.1,15,SEA_SNAIL_ARCTIC_SIDE_GR2_ST2_LRR1_R5_SIDE_.png
1.9,17,3.1,15,1.9,17,3.1,15,SEA_SNAIL_ARCTIC_SIDE_GR3_ST2_LRR1_R5_SIDE_.png
2.0,17,3.1,15,2.0,17,3.1,15,SEA_SNAIL_ARCTIC_SIDE_GR4_ST2_LRR1_R5_SIDE_.png
2.1,17,3.1,15,2.1,17,3.1,15,SEA_SNAIL_ARCTIC_SIDE_GR5_ST2_LRR1_R5_SIDE_.png
1.6,18,3.1,15,1.6,18,3.1,15,SEA_SNAIL_ARCTIC_SIDE_GR0_ST3_LRR1_R5_SIDE_.png
1.7,18,3.1,15,1.7,18,3.1,15,SEA_SNAIL_ARCTIC_SIDE_GR1_ST3_LRR1_R5_SIDE_.png
1.8,18,3.1,15,1.8,18,3.1,15,SEA_SNAIL_ARCTIC_SIDE_GR2_ST3_LRR1_R5_SIDE_.png
1.9,18,3.1,15,1.9,18,3.1,15,SEA_SNAIL_ARCTIC_SIDE_GR3_ST3_LRR1_R5_SIDE_.png
2.0,18,3.1,15,2.0,18,3.1,15,SEA_SNAIL_ARCTIC_SIDE_GR4_ST3_LRR1_R5_SIDE_.png
2.1,18,3.1,15,2.1,18,3.1,15,SEA_SNAIL_ARCTIC_SIDE_GR5_ST3_LRR1_R5_SIDE_.png
1.6,19,3.1,15,1.6,19,3.1,15,SEA_SNAIL_ARCTIC_SIDE_GR0_ST4_LRR1_R5_SIDE_.png
1.7,19,3.1,15,1.7,19,3.1,15,SEA_SNAIL_ARCTIC_SIDE_GR1_ST4_LRR1_R5_SIDE_.png
1.8,19,3.1,15,1.8,19,3.1,15,SEA_SNAIL_ARCTIC_SIDE_GR2_ST4_LRR1_R5_SIDE_.png
1.9,19,3.1,15,1.9,19,3.1,15,SEA_SNAIL_ARCTIC_SIDE_GR3_ST4_LRR1_R5_SIDE_.png
2.0,19,3.1,15,2.0,19,3.1,15,SEA_SNAIL_ARCTIC_SIDE_GR4_ST4_LRR1_R5_SIDE_.png
2.1,19,3.1,15,2.1,19,3.1,15,SEA_SNAIL_ARCTIC_SIDE_GR5_ST4_LRR1_R5_SIDE_.png
1.6,20,3.1,15,1.6,20,3.1,15,SEA_SNAIL_ARCTIC_SIDE_GR0_ST5_LRR1_R5_SIDE_.png
1.7,20,3.1,15,1.7,20,3.1,15,SEA_SNAIL_ARCTIC_SIDE_GR1_ST5_LRR1_R5_SIDE_.png
1.8,20,3.1,15,1.8,20,3.1,15,SEA_SNAIL_ARCTIC_SIDE_GR2_ST5_LRR1_R5_SIDE_.png
1.9,20,3.1,15,1.9,20,3.1,15,SEA_SNAIL_ARCTIC_SIDE_GR3_ST5_LRR1_R5_SIDE_.png
2.0,20,3.1,15,2.0,20,3.1,15,SEA_SNAIL_ARCTIC_SIDE_GR4_ST5_LRR1_R5_SIDE_.png
2.1,20,3.1,15,2.1,20,3.1,15,SEA_SNAIL_ARCTIC_SIDE_GR5_ST5_LRR1_R5_SIDE_.png
1.6,15,3.2,15,1.6,15,3.2,15,SEA_SNAIL_ARCTIC_SIDE_GR0_ST0_LRR2_R5_SIDE_.png
1.7,15,3.2,15,1.7,15,3.2,15,SEA_SNAIL_ARCTIC_SIDE_GR1_ST0_LRR2_R5_SIDE_.png
1.8,15,3.2,15,1.8,15,3.2,15,SEA_SNAIL_ARCTIC_SIDE_GR2_ST0_LRR2_R5_SIDE_.png
1.9,15,3.2,15,1.9,15,3.2,15,SEA_SNAIL_ARCTIC_SIDE_GR3_ST0_LRR2_R5_SIDE_.png
2.0,15,3.2,15,2.0,15,3.2,15,SEA_SNAIL_ARCTIC_SIDE_GR4_ST0_LRR2_R5_SIDE_.png
2.1,15,3.2,15,2.1,15,3.2,15,SEA_SNAIL_ARCTIC_SIDE_GR5_ST0_LRR2_R5_SIDE_.png
1.6,16,3.2,15,1.6,16,3.2,15,SEA_SNAIL_ARCTIC_SIDE_GR0_ST1_LRR2_R5_SIDE_.png
1.7,16,3.2,15,1.7,16,3.2,15,SEA_SNAIL_ARCTIC_SIDE_GR1_ST1_LRR2_R5_SIDE_.png
1.8,16,3.2,15,1.8,16,3.2,15,SEA_SNAIL_ARCTIC_SIDE_GR2_ST1_LRR2_R5_SIDE_.png
1.9,16,3.2,15,1.9,16,3.2,15,SEA_SNAIL_ARCTIC_SIDE_GR3_ST1_LRR2_R5_SIDE_.png
2.0,16,3.2,15,2.0,16,3.2,15,SEA_SNAIL_ARCTIC_SIDE_GR4_ST1_LRR2_R5_SIDE_.png
2.1,16,3.2,15,2.1,16,3.2,15,SEA_SNAIL_ARCTIC_SIDE_GR5_ST1_LRR2_R5_SIDE_.png
1.6,17,3.2,15,1.6,17,3.2,15,SEA_SNAIL_ARCTIC_SIDE_GR0_ST2_LRR2_R5_SIDE_.png
1.7,17,3.2,15,1.7,17,3.2,15,SEA_SNAIL_ARCTIC_SIDE_GR1_ST2_LRR2_R5_SIDE_.png
1.8,17,3.2,15,1.8,17,3.2,15,SEA_SNAIL_ARCTIC_SIDE_GR2_ST2_LRR2_R5_SIDE_.png
1.9,17,3.2,15,1.9,17,3.2,15,SEA_SNAIL_ARCTIC_SIDE_GR3_ST2_LRR2_R5_SIDE_.png
2.0,17,3.2,15,2.0,17,3.2,15,SEA_SNAIL_ARCTIC_SIDE_GR4_ST2_LRR2_R5_SIDE_.png
2.1,17,3.2,15,2.1,17,3.2,15,SEA_SNAIL_ARCTIC_SIDE_GR5_ST2_LRR2_R5_SIDE_.png
1.6,18,3.2,15,1.6,18,3.2,15,SEA_SNAIL_ARCTIC_SIDE_GR0_ST3_LRR2_R5_SIDE_.png
1.7,18,3.2,15,1.7,18,3.2,15,SEA_SNAIL_ARCTIC_SIDE_GR1_ST3_LRR2_R5_SIDE_.png
1.8,18,3.2,15,1.8,18,3.2,15,SEA_SNAIL_ARCTIC_SIDE_GR2_ST3_LRR2_R5_SIDE_.png
1.9,18,3.2,15,1.9,18,3.2,15,SEA_SNAIL_ARCTIC_SIDE_GR3_ST3_LRR2_R5_SIDE_.png
2.0,18,3.2,15,2.0,18,3.2,15,SEA_SNAIL_ARCTIC_SIDE_GR4_ST3_LRR2_R5_SIDE_.png
2.1,18,3.2,15,2.1,18,3.2,15,SEA_SNAIL_ARCTIC_SIDE_GR5_ST3_LRR2_R5_SIDE_.png
1.6,19,3.2,15,1.6,19,3.2,15,SEA_SNAIL_ARCTIC_SIDE_GR0_ST4_LRR2_R5_SIDE_.png
1.7,19,3.2,15,1.7,19,3.2,15,SEA_SNAIL_ARCTIC_SIDE_GR1_ST4_LRR2_R5_SIDE_.png
1.8,19,3.2,15,1.8,19,3.2,15,SEA_SNAIL_ARCTIC_SIDE_GR2_ST4_LRR2_R5_SIDE_.png
1.9,19,3.2,15,1.9,19,3.2,15,SEA_SNAIL_ARCTIC_SIDE_GR3_ST4_LRR2_R5_SIDE_.png
2.0,19,3.2,15,2.0,19,3.2,15,SEA_SNAIL_ARCTIC_SIDE_GR4_ST4_LRR2_R5_SIDE_.png
2.1,19,3.2,15,2.1,19,3.2,15,SEA_SNAIL_ARCTIC_SIDE_GR5_ST4_LRR2_R5_SIDE_.png
1.6,20,3.2,15,1.6,20,3.2,15,SEA_SNAIL_ARCTIC_SIDE_GR0_ST5_LRR2_R5_SIDE_.png
1.7,20,3.2,15,1.7,20,3.2,15,SEA_SNAIL_ARCTIC_SIDE_GR1_ST5_LRR2_R5_SIDE_.png
1.8,20,3.2,15,1.8,20,3.2,15,SEA_SNAIL_ARCTIC_SIDE_GR2_ST5_LRR2_R5_SIDE_.png
1.9,20,3.2,15,1.9,20,3.2,15,SEA_SNAIL_ARCTIC_SIDE_GR3_ST5_LRR2_R5_SIDE_.png
2.0,20,3.2,15,2.0,20,3.2,15,SEA_SNAIL_ARCTIC_SIDE_GR4_ST5_LRR2_R5_SIDE_.png
2.1,20,3.2,15,2.1,20,3.2,15,SEA_SNAIL_ARCTIC_SIDE_GR5_ST5_LRR2_R5_SIDE_.png
1.6,15,3.3,15,1.6,15,3.3,15,SEA_SNAIL_ARCTIC_SIDE_GR0_ST0_LRR3_R5_SIDE_.png
1.7,15,3.3,15,1.7,15,3.3,15,SEA_SNAIL_ARCTIC_SIDE_GR1_ST0_LRR3_R5_SIDE_.png
1.8,15,3.3,15,1.8,15,3.3,15,SEA_SNAIL_ARCTIC_SIDE_GR2_ST0_LRR3_R5_SIDE_.png
1.9,15,3.3,15,1.9,15,3.3,15,SEA_SNAIL_ARCTIC_SIDE_GR3_ST0_LRR3_R5_SIDE_.png
2.0,15,3.3,15,2.0,15,3.3,15,SEA_SNAIL_ARCTIC_SIDE_GR4_ST0_LRR3_R5_SIDE_.png
2.1,15,3.3,15,2.1,15,3.3,15,SEA_SNAIL_ARCTIC_SIDE_GR5_ST0_LRR3_R5_SIDE_.png
1.6,16,3.3,15,1.6,16,3.3,15,SEA_SNAIL_ARCTIC_SIDE_GR0_ST1_LRR3_R5_SIDE_.png
1.7,16,3.3,15,1.7,16,3.3,15,SEA_SNAIL_ARCTIC_SIDE_GR1_ST1_LRR3_R5_SIDE_.png
1.8,16,3.3,15,1.8,16,3.3,15,SEA_SNAIL_ARCTIC_SIDE_GR2_ST1_LRR3_R5_SIDE_.png
1.9,16,3.3,15,1.9,16,3.3,15,SEA_SNAIL_ARCTIC_SIDE_GR3_ST1_LRR3_R5_SIDE_.png
2.0,16,3.3,15,2.0,16,3.3,15,SEA_SNAIL_ARCTIC_SIDE_GR4_ST1_LRR3_R5_SIDE_.png
2.1,16,3.3,15,2.1,16,3.3,15,SEA_SNAIL_ARCTIC_SIDE_GR5_ST1_LRR3_R5_SIDE_.png
1.6,17,3.3,15,1.6,17,3.3,15,SEA_SNAIL_ARCTIC_SIDE_GR0_ST2_LRR3_R5_SIDE_.png
1.7,17,3.3,15,1.7,17,3.3,15,SEA_SNAIL_ARCTIC_SIDE_GR1_ST2_LRR3_R5_SIDE_.png
1.8,17,3.3,15,1.8,17,3.3,15,SEA_SNAIL_ARCTIC_SIDE_GR2_ST2_LRR3_R5_SIDE_.png
1.9,17,3.3,15,1.9,17,3.3,15,SEA_SNAIL_ARCTIC_SIDE_GR3_ST2_LRR3_R5_SIDE_.png
2.0,17,3.3,15,2.0,17,3.3,15,SEA_SNAIL_ARCTIC_SIDE_GR4_ST2_LRR3_R5_SIDE_.png
2.1,17,3.3,15,2.1,17,3.3,15,SEA_SNAIL_ARCTIC_SIDE_GR5_ST2_LRR3_R5_SIDE_.png
1.6,18,3.3,15,1.6,18,3.3,15,SEA_SNAIL_ARCTIC_SIDE_GR0_ST3_LRR3_R5_SIDE_.png
1.7,18,3.3,15,1.7,18,3.3,15,SEA_SNAIL_ARCTIC_SIDE_GR1_ST3_LRR3_R5_SIDE_.png
1.8,18,3.3,15,1.8,18,3.3,15,SEA_SNAIL_ARCTIC_SIDE_GR2_ST3_LRR3_R5_SIDE_.png
1.9,18,3.3,15,1.9,18,3.3,15,SEA_SNAIL_ARCTIC_SIDE_GR3_ST3_LRR3_R5_SIDE_.png
2.0,18,3.3,15,2.0,18,3.3,15,SEA_SNAIL_ARCTIC_SIDE_GR4_ST3_LRR3_R5_SIDE_.png
2.1,18,3.3,15,2.1,18,3.3,15,SEA_SNAIL_ARCTIC_SIDE_GR5_ST3_LRR3_R5_SIDE_.png
1.6,19,3.3,15,1.6,19,3.3,15,SEA_SNAIL_ARCTIC_SIDE_GR0_ST4_LRR3_R5_SIDE_.png
1.7,19,3.3,15,1.7,19,3.3,15,SEA_SNAIL_ARCTIC_SIDE_GR1_ST4_LRR3_R5_SIDE_.png
1.8,19,3.3,15,1.8,19,3.3,15,SEA_SNAIL_ARCTIC_SIDE_GR2_ST4_LRR3_R5_SIDE_.png
1.9,19,3.3,15,1.9,19,3.3,15,SEA_SNAIL_ARCTIC_SIDE_GR3_ST4_LRR3_R5_SIDE_.png
2.0,19,3.3,15,2.0,19,3.3,15,SEA_SNAIL_ARCTIC_SIDE_GR4_ST4_LRR3_R5_SIDE_.png
2.1,19,3.3,15,2.1,19,3.3,15,SEA_SNAIL_ARCTIC_SIDE_GR5_ST4_LRR3_R5_SIDE_.png
1.6,20,3.3,15,1.6,20,3.3,15,SEA_SNAIL_ARCTIC_SIDE_GR0_ST5_LRR3_R5_SIDE_.png
1.7,20,3.3,15,1.7,20,3.3,15,SEA_SNAIL_ARCTIC_SIDE_GR1_ST5_LRR3_R5_SIDE_.png
1.8,20,3.3,15,1.8,20,3.3,15,SEA_SNAIL_ARCTIC_SIDE_GR2_ST5_LRR3_R5_SIDE_.png
1.9,20,3.3,15,1.9,20,3.3,15,SEA_SNAIL_ARCTIC_SIDE_GR3_ST5_LRR3_R5_SIDE_.png
2.0,20,3.3,15,2.0,20,3.3,15,SEA_SNAIL_ARCTIC_SIDE_GR4_ST5_LRR3_R5_SIDE_.png
2.1,20,3.3,15,2.1,20,3.3,15,SEA_SNAIL_ARCTIC_SIDE_GR5_ST5_LRR3_R5_SIDE_.png
1.6,15,3.4,15,1.6,15,3.4,15,SEA_SNAIL_ARCTIC_SIDE_GR0_ST0_LRR4_R5_SIDE_.png
1.7,15,3.4,15,1.7,15,3.4,15,SEA_SNAIL_ARCTIC_SIDE_GR1_ST0_LRR4_R5_SIDE_.png
1.8,15,3.4,15,1.8,15,3.4,15,SEA_SNAIL_ARCTIC_SIDE_GR2_ST0_LRR4_R5_SIDE_.png
1.9,15,3.4,15,1.9,15,3.4,15,SEA_SNAIL_ARCTIC_SIDE_GR3_ST0_LRR4_R5_SIDE_.png
2.0,15,3.4,15,2.0,15,3.4,15,SEA_SNAIL_ARCTIC_SIDE_GR4_ST0_LRR4_R5_SIDE_.png
2.1,15,3.4,15,2.1,15,3.4,15,SEA_SNAIL_ARCTIC_SIDE_GR5_ST0_LRR4_R5_SIDE_.png
1.6,16,3.4,15,1.6,16,3.4,15,SEA_SNAIL_ARCTIC_SIDE_GR0_ST1_LRR4_R5_SIDE_.png
1.7,16,3.4,15,1.7,16,3.4,15,SEA_SNAIL_ARCTIC_SIDE_GR1_ST1_LRR4_R5_SIDE_.png
1.8,16,3.4,15,1.8,16,3.4,15,SEA_SNAIL_ARCTIC_SIDE_GR2_ST1_LRR4_R5_SIDE_.png
1.9,16,3.4,15,1.9,16,3.4,15,SEA_SNAIL_ARCTIC_SIDE_GR3_ST1_LRR4_R5_SIDE_.png
2.0,16,3.4,15,2.0,16,3.4,15,SEA_SNAIL_ARCTIC_SIDE_GR4_ST1_LRR4_R5_SIDE_.png
2.1,16,3.4,15,2.1,16,3.4,15,SEA_SNAIL_ARCTIC_SIDE_GR5_ST1_LRR4_R5_SIDE_.png
1.6,17,3.4,15,1.6,17,3.4,15,SEA_SNAIL_ARCTIC_SIDE_GR0_ST2_LRR4_R5_SIDE_.png
1.7,17,3.4,15,1.7,17,3.4,15,SEA_SNAIL_ARCTIC_SIDE_GR1_ST2_LRR4_R5_SIDE_.png
1.8,17,3.4,15,1.8,17,3.4,15,SEA_SNAIL_ARCTIC_SIDE_GR2_ST2_LRR4_R5_SIDE_.png
1.9,17,3.4,15,1.9,17,3.4,15,SEA_SNAIL_ARCTIC_SIDE_GR3_ST2_LRR4_R5_SIDE_.png
2.0,17,3.4,15,2.0,17,3.4,15,SEA_SNAIL_ARCTIC_SIDE_GR4_ST2_LRR4_R5_SIDE_.png
2.1,17,3.4,15,2.1,17,3.4,15,SEA_SNAIL_ARCTIC_SIDE_GR5_ST2_LRR4_R5_SIDE_.png
1.6,18,3.4,15,1.6,18,3.4,15,SEA_SNAIL_ARCTIC_SIDE_GR0_ST3_LRR4_R5_SIDE_.png
1.7,18,3.4,15,1.7,18,3.4,15,SEA_SNAIL_ARCTIC_SIDE_GR1_ST3_LRR4_R5_SIDE_.png
1.8,18,3.4,15,1.8,18,3.4,15,SEA_SNAIL_ARCTIC_SIDE_GR2_ST3_LRR4_R5_SIDE_.png
1.9,18,3.4,15,1.9,18,3.4,15,SEA_SNAIL_ARCTIC_SIDE_GR3_ST3_LRR4_R5_SIDE_.png
2.0,18,3.4,15,2.0,18,3.4,15,SEA_SNAIL_ARCTIC_SIDE_GR4_ST3_LRR4_R5_SIDE_.png
2.1,18,3.4,15,2.1,18,3.4,15,SEA_SNAIL_ARCTIC_SIDE_GR5_ST3_LRR4_R5_SIDE_.png
1.6,19,3.4,15,1.6,19,3.4,15,SEA_SNAIL_ARCTIC_SIDE_GR0_ST4_LRR4_R5_SIDE_.png
1.7,19,3.4,15,1.7,19,3.4,15,SEA_SNAIL_ARCTIC_SIDE_GR1_ST4_LRR4_R5_SIDE_.png
1.8,19,3.4,15,1.8,19,3.4,15,SEA_SNAIL_ARCTIC_SIDE_GR2_ST4_LRR4_R5_SIDE_.png
1.9,19,3.4,15,1.9,19,3.4,15,SEA_SNAIL_ARCTIC_SIDE_GR3_ST4_LRR4_R5_SIDE_.png
2.0,19,3.4,15,2.0,19,3.4,15,SEA_SNAIL_ARCTIC_SIDE_GR4_ST4_LRR4_R5_SIDE_.png
2.1,19,3.4,15,2.1,19,3.4,15,SEA_SNAIL_ARCTIC_SIDE_GR5_ST4_LRR4_R5_SIDE_.png
1.6,20,3.4,15,1.6,20,3.4,15,SEA_SNAIL_ARCTIC_SIDE_GR0_ST5_LRR4_R5_SIDE_.png
1.7,20,3.4,15,1.7,20,3.4,15,SEA_SNAIL_ARCTIC_SIDE_GR1_ST5_LRR4_R5_SIDE_.png
1.8,20,3.4,15,1.8,20,3.4,15,SEA_SNAIL_ARCTIC_SIDE_GR2_ST5_LRR4_R5_SIDE_.png
1.9,20,3.4,15,1.9,20,3.4,15,SEA_SNAIL_ARCTIC_SIDE_GR3_ST5_LRR4_R5_SIDE_.png
2.0,20,3.4,15,2.0,20,3.4,15,SEA_SNAIL_ARCTIC_SIDE_GR4_ST5_LRR4_R5_SIDE_.png
2.1,20,3.4,15,2.1,20,3.4,15,SEA_SNAIL_ARCTIC_SIDE_GR5_ST5_LRR4_R5_SIDE_.png
1.6,15,3.5,15,1.6,15,3.5,15,SEA_SNAIL_ARCTIC_SIDE_GR0_ST0_LRR5_R5_SIDE_.png
1.7,15,3.5,15,1.7,15,3.5,15,SEA_SNAIL_ARCTIC_SIDE_GR1_ST0_LRR5_R5_SIDE_.png
1.8,15,3.5,15,1.8,15,3.5,15,SEA_SNAIL_ARCTIC_SIDE_GR2_ST0_LRR5_R5_SIDE_.png
1.9,15,3.5,15,1.9,15,3.5,15,SEA_SNAIL_ARCTIC_SIDE_GR3_ST0_LRR5_R5_SIDE_.png
2.0,15,3.5,15,2.0,15,3.5,15,SEA_SNAIL_ARCTIC_SIDE_GR4_ST0_LRR5_R5_SIDE_.png
2.1,15,3.5,15,2.1,15,3.5,15,SEA_SNAIL_ARCTIC_SIDE_GR5_ST0_LRR5_R5_SIDE_.png
1.6,16,3.5,15,1.6,16,3.5,15,SEA_SNAIL_ARCTIC_SIDE_GR0_ST1_LRR5_R5_SIDE_.png
1.7,16,3.5,15,1.7,16,3.5,15,SEA_SNAIL_ARCTIC_SIDE_GR1_ST1_LRR5_R5_SIDE_.png
1.8,16,3.5,15,1.8,16,3.5,15,SEA_SNAIL_ARCTIC_SIDE_GR2_ST1_LRR5_R5_SIDE_.png
1.9,16,3.5,15,1.9,16,3.5,15,SEA_SNAIL_ARCTIC_SIDE_GR3_ST1_LRR5_R5_SIDE_.png
2.0,16,3.5,15,2.0,16,3.5,15,SEA_SNAIL_ARCTIC_SIDE_GR4_ST1_LRR5_R5_SIDE_.png
2.1,16,3.5,15,2.1,16,3.5,15,SEA_SNAIL_ARCTIC_SIDE_GR5_ST1_LRR5_R5_SIDE_.png
1.6,17,3.5,15,1.6,17,3.5,15,SEA_SNAIL_ARCTIC_SIDE_GR0_ST2_LRR5_R5_SIDE_.png
1.7,17,3.5,15,1.7,17,3.5,15,SEA_SNAIL_ARCTIC_SIDE_GR1_ST2_LRR5_R5_SIDE_.png
1.8,17,3.5,15,1.8,17,3.5,15,SEA_SNAIL_ARCTIC_SIDE_GR2_ST2_LRR5_R5_SIDE_.png
1.9,17,3.5,15,1.9,17,3.5,15,SEA_SNAIL_ARCTIC_SIDE_GR3_ST2_LRR5_R5_SIDE_.png
2.0,17,3.5,15,2.0,17,3.5,15,SEA_SNAIL_ARCTIC_SIDE_GR4_ST2_LRR5_R5_SIDE_.png
2.1,17,3.5,15,2.1,17,3.5,15,SEA_SNAIL_ARCTIC_SIDE_GR5_ST2_LRR5_R5_SIDE_.png
1.6,18,3.5,15,1.6,18,3.5,15,SEA_SNAIL_ARCTIC_SIDE_GR0_ST3_LRR5_R5_SIDE_.png
1.7,18,3.5,15,1.7,18,3.5,15,SEA_SNAIL_ARCTIC_SIDE_GR1_ST3_LRR5_R5_SIDE_.png
1.8,18,3.5,15,1.8,18,3.5,15,SEA_SNAIL_ARCTIC_SIDE_GR2_ST3_LRR5_R5_SIDE_.png
1.9,18,3.5,15,1.9,18,3.5,15,SEA_SNAIL_ARCTIC_SIDE_GR3_ST3_LRR5_R5_SIDE_.png
2.0,18,3.5,15,2.0,18,3.5,15,SEA_SNAIL_ARCTIC_SIDE_GR4_ST3_LRR5_R5_SIDE_.png
2.1,18,3.5,15,2.1,18,3.5,15,SEA_SNAIL_ARCTIC_SIDE_GR5_ST3_LRR5_R5_SIDE_.png
1.6,19,3.5,15,1.6,19,3.5,15,SEA_SNAIL_ARCTIC_SIDE_GR0_ST4_LRR5_R5_SIDE_.png
1.7,19,3.5,15,1.7,19,3.5,15,SEA_SNAIL_ARCTIC_SIDE_GR1_ST4_LRR5_R5_SIDE_.png
1.8,19,3.5,15,1.8,19,3.5,15,SEA_SNAIL_ARCTIC_SIDE_GR2_ST4_LRR5_R5_SIDE_.png
1.9,19,3.5,15,1.9,19,3.5,15,SEA_SNAIL_ARCTIC_SIDE_GR3_ST4_LRR5_R5_SIDE_.png
2.0,19,3.5,15,2.0,19,3.5,15,SEA_SNAIL_ARCTIC_SIDE_GR4_ST4_LRR5_R5_SIDE_.png
2.1,19,3.5,15,2.1,19,3.5,15,SEA_SNAIL_ARCTIC_SIDE_GR5_ST4_LRR5_R5_SIDE_.png
1.6,20,3.5,15,1.6,20,3.5,15,SEA_SNAIL_ARCTIC_SIDE_GR0_ST5_LRR5_R5_SIDE_.png
1.7,20,3.5,15,1.7,20,3.5,15,SEA_SNAIL_ARCTIC_SIDE_GR1_ST5_LRR5_R5_SIDE_.png
1.8,20,3.5,15,1.8,20,3.5,15,SEA_SNAIL_ARCTIC_SIDE_GR2_ST5_LRR5_R5_SIDE_.png
1.9,20,3.5,15,1.9,20,3.5,15,SEA_SNAIL_ARCTIC_SIDE_GR3_ST5_LRR5_R5_SIDE_.png
2.0,20,3.5,15,2.0,20,3.5,15,SEA_SNAIL_ARCTIC_SIDE_GR4_ST5_LRR5_R5_SIDE_.png
2.1,20,3.5,15,2.1,20,3.5,15,SEA_SNAIL_ARCTIC_SIDE_GR5_ST5_LRR5_R5_SIDE_.png
